dataTransacao,valorTransacao,estab_nome,ug_nome,portador_nome,dia_semana,fim_de_semana
2025-11-27,5340.0,ASAAS GESTAO FINANCEIRA INSTITUICAO DE PAGAMENTO S.A.,INSTITUTO NACIONAL DO CANCER - RJ,ANTONIO JOSE DA SILVA NETO,Thursday,False
2020-06-09,5180.0,PAYPAL DO BRASIL INSTITUICAO DE PAGAMENTO LTDA,INST. NACIONAL DE TRAUMATOLOGIA E ORTOPEDIA,ELAINE IRENE DE OLIVEIRA MENDES,Tuesday,False
2023-03-20,3120.0,ASAAS GESTAO FINANCEIRA INSTITUICAO DE PAGAMENTO S.A.,SUPERINTENDENCIA DO MINISTERIO DA SAUDE / SP,ROSELY INACIO DOS SANTOS,Monday,False
2025-06-16,2250.0,PAYGO ADMINISTRADORA DE MEIOS DE PAGAMENTOS LTDA,INSTITUTO NACIONAL DO CANCER - RJ,JOSE MAURICIO TEIXEIRA DA SILVA,Monday,False
2020-08-11,1950.6,EBANX INSTITUICAO DE PAGAMENTOS LTDA,INST. NACIONAL DE TRAUMATOLOGIA E ORTOPEDIA,ELAINE IRENE DE OLIVEIRA MENDES,Tuesday,False
2020-07-02,1900.0,SUMUP INSTITUICAO DE PAGAMENTO BRASIL LTDA,INSTITUTO NACIONAL DO CANCER - RJ,ADRIANA BATISTA DO NASCIMENTO GONCALVES,Thursday,False
2022-02-14,1705.0,MERCADO PAGO INSTITUICAO DE PAGAMENTO LTDA,HOSPITAL FEDERAL DE IPANEMA,HEITOR LUIZ DE OLIVEIRA,Monday,False
2021-12-17,1700.0,MERCADO PAGO INSTITUICAO DE PAGAMENTO LTDA,SUPERINTENDENCIA DO MINISTERIO DA SAUDE / SC,JOAO VICTOR BATISTA DE OLIVEIRA,Friday,False
2021-11-09,1675.29,MERCADO PAGO INSTITUICAO DE PAGAMENTO LTDA,DISTRITO SANIT.ESP.INDIGENA - PERNAMBUCO,ANTONIO DE CARVALHO SA,Tuesday,False
2023-11-17,1645.0,PAYGO ADMINISTRADORA DE MEIOS DE PAGAMENTOS LTDA,INSTITUTO NACIONAL DO CANCER - RJ,JOSE MAURICIO TEIXEIRA DA SILVA,Friday,False
2022-04-06,1600.0,MERCADO PAGO INSTITUICAO DE PAGAMENTO LTDA,CENTRO NACIONAL DE PRIMATAS,DIEGO ATIE FADUL,Wednesday,False
2025-04-17,1568.0,YAPAY PAGAMENTOS ONLINE S/A,INST. NACIONAL DE TRAUMATOLOGIA E ORTOPEDIA,ELAINE IRENE DE OLIVEIRA MENDES,Thursday,False
2025-11-14,1555.0,PAYGO ADMINISTRADORA DE MEIOS DE PAGAMENTOS LTDA,INSTITUTO NACIONAL DO CANCER - RJ,JOSE MAURICIO TEIXEIRA DA SILVA,Friday,False
2022-04-12,1500.0,MERCADO PAGO INSTITUICAO DE PAGAMENTO LTDA,CENTRO NACIONAL DE PRIMATAS,DIEGO ATIE FADUL,Tuesday,False
2023-04-13,1468.8,MERCADO PAGO INSTITUICAO DE PAGAMENTO LTDA,INST. NACIONAL DE TRAUMATOLOGIA E ORTOPEDIA,REGINALDO ALCANTARA DE VASCONCELLOS,Thursday,False
2025-08-14,1465.0,PAYGO ADMINISTRADORA DE MEIOS DE PAGAMENTOS LTDA,INSTITUTO NACIONAL DO CANCER - RJ,JOSE MAURICIO TEIXEIRA DA SILVA,Thursday,False
2022-03-17,1451.8,MERCADO PAGO INSTITUICAO DE PAGAMENTO LTDA,INST. NACIONAL DE TRAUMATOLOGIA E ORTOPEDIA,GABRIELA VIEIRA PACHECO,Thursday,False
2021-11-19,1440.0,MERCADO PAGO INSTITUICAO DE PAGAMENTO LTDA,INSTITUTO NACIONAL DO CANCER - RJ,JOSE MAURICIO TEIXEIRA DA SILVA,Friday,False
2022-03-30,1440.0,MERCADO PAGO INSTITUICAO DE PAGAMENTO LTDA,INSTITUTO NACIONAL DO CANCER - RJ,JOSE MAURICIO TEIXEIRA DA SILVA,Wednesday,False
2021-05-25,1366.88,YAPAY PAGAMENTOS ONLINE S/A,INST. NACIONAL DE TRAUMATOLOGIA E ORTOPEDIA,ELAINE IRENE DE OLIVEIRA MENDES,Tuesday,False
2024-10-10,1320.0,ASAAS GESTAO FINANCEIRA INSTITUICAO DE PAGAMENTO S.A.,SUPERINTENDENCIA DO MINISTERIO DA SAUDE / SC,AILTON DOS SANTOS NASCIMENTO,Thursday,False
2021-11-09,1185.3,MERCADO PAGO INSTITUICAO DE PAGAMENTO LTDA,DISTRITO SANIT.ESP.INDIGENA - PERNAMBUCO,ANTONIO DE CARVALHO SA,Tuesday,False
2024-05-22,1110.0,PAYGO ADMINISTRADORA DE MEIOS DE PAGAMENTOS LTDA,INSTITUTO NACIONAL DO CANCER - RJ,JOSE MAURICIO TEIXEIRA DA SILVA,Wednesday,False
2021-09-06,1110.0,MERCADO PAGO INSTITUICAO DE PAGAMENTO LTDA,INSTITUTO NACIONAL DO CANCER - RJ,JOSE MAURICIO TEIXEIRA DA SILVA,Monday,False
2021-08-31,1000.0,MERCADO PAGO INSTITUICAO DE PAGAMENTO LTDA,SUPERINTENDENCIA DO MINISTERIO DA SAUDE / PE,MARCOS ANTONIO LEITE,Tuesday,False
2022-04-13,1000.0,MERCADO PAGO INSTITUICAO DE PAGAMENTO LTDA,CENTRO NACIONAL DE PRIMATAS,DIEGO ATIE FADUL,Wednesday,False
2023-05-31,930.0,DESTAQUE GAMER LTDA,HOSPITAL FEDERAL DE IPANEMA,JONATAS BELONI SILVEIRA LEITE,Wednesday,False
2021-05-11,899.4,GETNET ADQUIRENCIA E SERVICOS PARA MEIOS DE PAGAMENTO S.A. - INSTITUICAO DE PAGAMENTO,HOSPITAL FEDERAL CARDOSO FONTES,ANDRE SVENSON,Tuesday,False
2021-11-09,826.73,MERCADO PAGO INSTITUICAO DE PAGAMENTO LTDA,DISTRITO SANIT.ESP.INDIGENA - PERNAMBUCO,ANTONIO DE CARVALHO SA,Tuesday,False
2020-09-25,809.2,PAYPAL DO BRASIL INSTITUICAO DE PAGAMENTO LTDA,INST. NACIONAL DE TRAUMATOLOGIA E ORTOPEDIA,ELAINE IRENE DE OLIVEIRA MENDES,Friday,False
2025-07-18,800.0,IFOOD PAGO INSTITUICAO DE PAGAMENTO S.A.,INSTITUTO EVANDRO CHAGAS,ALLAN JONES NUNES SOUSA,Friday,False
2022-03-24,800.0,MERCADO PAGO INSTITUICAO DE PAGAMENTO LTDA,INSTITUTO NACIONAL DO CANCER - RJ,ANTONIO LOPES TAVARES,Thursday,False
2023-06-23,774.0,CAPPTA INSTITUICAO DE PAGAMENTO S.A,SUBSECRETARIA DE ASSUNTOS ADMINISTRATIVOS/MS,ROGERIO DE SALES LOPES,Friday,False
2023-02-03,758.6,YAPAY PAGAMENTOS ONLINE S/A,INST. NACIONAL DE TRAUMATOLOGIA E ORTOPEDIA,GABRIELA VIEIRA PACHECO,Friday,False
2022-02-10,751.17,MAGALU PAGAMENTOS LTDA,INST. NACIONAL DE TRAUMATOLOGIA E ORTOPEDIA,ELAINE IRENE DE OLIVEIRA MENDES,Thursday,False
2022-03-29,749.98,MERCADO PAGO INSTITUICAO DE PAGAMENTO LTDA,INST. NACIONAL DE TRAUMATOLOGIA E ORTOPEDIA,GABRIELA VIEIRA PACHECO,Tuesday,False
2025-11-10,736.48,IFOOD PAGO INSTITUICAO DE PAGAMENTO S.A.,INST. NACIONAL DE TRAUMATOLOGIA E ORTOPEDIA,ELAINE IRENE DE OLIVEIRA MENDES,Monday,False
2022-03-15,735.0,MERCADO PAGO INSTITUICAO DE PAGAMENTO LTDA,CENTRO NACIONAL DE PRIMATAS,DIEGO REYMAO MOREIRA,Tuesday,False
2021-09-06,720.0,MERCADO PAGO INSTITUICAO DE PAGAMENTO LTDA,INSTITUTO NACIONAL DO CANCER - RJ,JOSE MAURICIO TEIXEIRA DA SILVA,Monday,False
2024-07-11,685.0,PAYGO ADMINISTRADORA DE MEIOS DE PAGAMENTOS LTDA,INSTITUTO NACIONAL DO CANCER - RJ,JOSE MAURICIO TEIXEIRA DA SILVA,Thursday,False
2014-09-25,675.0,GAMER STAR ATACADO E VAREJO DE INFORMATICA E ELETRONICOS LTDA,SUBSECRETARIA DE ASSUNTOS ADMINISTRATIVOS/MS,MARIA JOSE FEITOSA DA SILVA,Thursday,False
2022-05-12,673.15,PAYPAL DO BRASIL INSTITUICAO DE PAGAMENTO LTDA,INST. NACIONAL DE TRAUMATOLOGIA E ORTOPEDIA,GABRIELA VIEIRA PACHECO,Thursday,False
2021-10-01,660.0,MERCADO PAGO INSTITUICAO DE PAGAMENTO LTDA,CENTRO NACIONAL DE PRIMATAS,FLAUDEMIR MENDES DA SILVA,Friday,False
2023-06-06,650.0,MERCADO PAGO INSTITUICAO DE PAGAMENTO LTDA,SUBSECRETARIA DE ASSUNTOS ADMINISTRATIVOS/MS,ROGERIO DE SALES LOPES,Tuesday,False
2013-11-20,636.0,F R M COMERCIO DE JOIAS LTDA,DISTRITO SANIT.ESP.INDIGENA - MANAUS,SEVERO MATEUS GAMENHA,Wednesday,False
2015-03-23,613.8,PAGSEGURO INTERNET INSTITUICAO DE PAGAMENTO S.A.,CENTRO NACIONAL DE PRIMATAS,DIEGO ATIE FADUL,Monday,False
2021-05-11,599.6,GETNET ADQUIRENCIA E SERVICOS PARA MEIOS DE PAGAMENTO S.A. - INSTITUICAO DE PAGAMENTO,HOSPITAL FEDERAL CARDOSO FONTES,ANDRE SVENSON,Tuesday,False
2022-01-18,594.0,PAYPAL DO BRASIL INSTITUICAO DE PAGAMENTO LTDA,INST. NACIONAL DE TRAUMATOLOGIA E ORTOPEDIA,ELAINE IRENE DE OLIVEIRA MENDES,Tuesday,False
2024-10-25,585.0,PAYGO ADMINISTRADORA DE MEIOS DE PAGAMENTOS LTDA,INSTITUTO NACIONAL DO CANCER - RJ,JOSE MAURICIO TEIXEIRA DA SILVA,Friday,False
2022-03-24,580.0,MERCADO PAGO INSTITUICAO DE PAGAMENTO LTDA,SUPERINTENDENCIA DO MINISTERIO DA SAUDE / TO,WANTEILDO ANTUNES AYRES DE LIMA,Thursday,False
2023-05-19,498.0,CAPPTA INSTITUICAO DE PAGAMENTO S.A,SUBSECRETARIA DE ASSUNTOS ADMINISTRATIVOS/MS,ROGERIO DE SALES LOPES,Friday,False
2025-06-27,485.0,PAYGO ADMINISTRADORA DE MEIOS DE PAGAMENTOS LTDA,INSTITUTO NACIONAL DO CANCER - RJ,JOSE MAURICIO TEIXEIRA DA SILVA,Friday,False
2014-02-04,479.51,JKCV PERFUMARIA LTDA,HOSPITAL FEDERAL DE IPANEMA,ROSANNA MATERA,Tuesday,False
2022-04-18,461.4,MERCADO PAGO INSTITUICAO DE PAGAMENTO LTDA,SUPERINTENDENCIA DO MINISTERIO DA SAUDE / SC,JOAO VICTOR BATISTA DE OLIVEIRA,Monday,False
2017-05-08,455.0,2D XAVIER MEDICAMENTOS E PERFUMARIA LTDA,SUPERINTENDENCIA DO MINISTERIO DA SAUDE / GO,EDUARDO FALEIRO DE ARAUJO,Monday,False
2023-02-07,445.6,EBANX INSTITUICAO DE PAGAMENTOS LTDA,INST. NACIONAL DE TRAUMATOLOGIA E ORTOPEDIA,REGINALDO ALCANTARA DE VASCONCELLOS,Tuesday,False
2023-06-22,433.87,MERCADO PAGO INSTITUICAO DE PAGAMENTO LTDA,DIRETORIA EXECUTIVA DO FUNDO NAC. DE SAUDE,GLAUCIO ARNALDO ANDRADE,Thursday,False
2023-01-18,386.99,MAGALU PAGAMENTOS LTDA,INST. NACIONAL DE TRAUMATOLOGIA E ORTOPEDIA,ELAINE IRENE DE OLIVEIRA MENDES,Wednesday,False
2021-11-09,380.15,MERCADO PAGO INSTITUICAO DE PAGAMENTO LTDA,DISTRITO SANIT.ESP.INDIGENA - PERNAMBUCO,ANTONIO DE CARVALHO SA,Tuesday,False
2023-11-14,370.0,IFOOD PAGO INSTITUICAO DE PAGAMENTO S.A.,HOSPITAL FEDERAL DE IPANEMA,JONATAS BELONI SILVEIRA LEITE,Tuesday,False
2022-05-11,370.0,MERCADO PAGO INSTITUICAO DE PAGAMENTO LTDA,INSTITUTO NACIONAL DO CANCER - RJ,JOSE MAURICIO TEIXEIRA DA SILVA,Wednesday,False
2012-12-17,360.0,PAGSEGURO INTERNET INSTITUICAO DE PAGAMENTO S.A.,HOSPITAL FEDERAL DA LAGOA,ROGERIO TIBURCIO DE CASTRO,Monday,False
2021-11-12,360.0,MERCADO PAGO INSTITUICAO DE PAGAMENTO LTDA,CENTRO NACIONAL DE PRIMATAS,FLAUDEMIR MENDES DA SILVA,Friday,False
2021-02-06,356.76,FARMACIA E PERFUMARIA REMAN LTDA,INSTITUTO NACIONAL DE CARDIOLOGIA,JOSIAS DA SILVA,Saturday,True
2022-03-03,343.52,MAGALU PAGAMENTOS LTDA,INST. NACIONAL DE TRAUMATOLOGIA E ORTOPEDIA,ELAINE IRENE DE OLIVEIRA MENDES,Thursday,False
2023-06-23,331.0,CAPPTA INSTITUICAO DE PAGAMENTO S.A,SUBSECRETARIA DE ASSUNTOS ADMINISTRATIVOS/MS,ROGERIO DE SALES LOPES,Friday,False
2021-07-23,320.0,MERCADO PAGO INSTITUICAO DE PAGAMENTO LTDA,SUPERINTENDENCIA DO MINISTERIO DA SAUDE / TO,WANTEILDO ANTUNES AYRES DE LIMA,Friday,False
2023-07-05,302.75,MAGALUPAY INSTITUICAO DE PAGAMENTO S.A.,INST. NACIONAL DE TRAUMATOLOGIA E ORTOPEDIA,GABRIELA VIEIRA PACHECO,Wednesday,False
2014-02-04,300.0,CIDINEI R. DA SILVA CONFECCAO E RESTAURACAO DE JOIAS,GABINETE DO MINISTRO - MS,MARCO ANTONIO OLIVEIRA DA SILVA,Tuesday,False
2018-11-06,299.0,DROGARIA E PERFUMARIA SANTA EDWIGES LTDA,INST. NACIONAL DE TRAUMATOLOGIA E ORTOPEDIA,ADRIANA LEITE ARANTES,Tuesday,False
2022-04-24,289.9,DEMERGE BRASIL PRESTADORA DE SERVICOS DE ATIVOS VIRTUAIS E PAGAMENTOS LTDA,INSTITUTO NACIONAL DE CARDIOLOGIA,JOAO JOSE DE CASTRO SILVA,Sunday,True
2023-11-11,278.98,MAGALUPAY INSTITUICAO DE PAGAMENTO S.A.,DIRETORIA EXECUTIVA DO FUNDO NAC. DE SAUDE,GLAUCIO ARNALDO ANDRADE,Saturday,True
2014-03-19,274.43,IMIFARMA PRODUTOS FARMACEUTICOS E COSMETICOS SA,DISTRITO SANIT.ESP.INDIGENA - MARANHAO,JOSE RIBAMAR CARVALHO NEVES,Wednesday,False
2021-10-19,263.0,STONE PAY MEIOS DE PAGAMENTO LTDA,CENTRO NACIONAL DE PRIMATAS,FLAUDEMIR MENDES DA SILVA,Tuesday,False
2021-10-29,250.0,MERCADO PAGO INSTITUICAO DE PAGAMENTO LTDA,CENTRO NACIONAL DE PRIMATAS,FLAUDEMIR MENDES DA SILVA,Friday,False
2016-11-18,250.0,2D XAVIER MEDICAMENTOS E PERFUMARIA LTDA,SUPERINTENDENCIA DO MINISTERIO DA SAUDE / GO,LUCIANA ALVES VIEIRA,Friday,False
2023-06-07,249.96,MERCADO PAGO INSTITUICAO DE PAGAMENTO LTDA,SUPERINTENDENCIA DO MINISTERIO DA SAUDE / PB,FERNANDO ALVES DA SILVA,Wednesday,False
2022-05-09,249.39,EBANX INSTITUICAO DE PAGAMENTOS LTDA,INST. NACIONAL DE TRAUMATOLOGIA E ORTOPEDIA,ELAINE IRENE DE OLIVEIRA MENDES,Monday,False
2016-05-12,248.92,DROGARIA E PERFUMARIA SANTA EDWIGES LTDA,INST. NACIONAL DE TRAUMATOLOGIA E ORTOPEDIA,JOCELY DA COSTA FERREIRA,Thursday,False
2024-09-18,236.0,PAYGO ADMINISTRADORA DE MEIOS DE PAGAMENTOS LTDA,CENTRO NACIONAL DE PRIMATAS,DEBORA RENATA DOS REIS ROLIM,Wednesday,False
2021-11-30,235.73,MERCADO PAGO INSTITUICAO DE PAGAMENTO LTDA,INST. NACIONAL DE TRAUMATOLOGIA E ORTOPEDIA,ELAINE IRENE DE OLIVEIRA MENDES,Tuesday,False
2024-06-06,221.4,BK INSTITUICAO DE PAGAMENTO S A,HOSPITAL FEDERAL DE IPANEMA,JONATAS BELONI SILVEIRA LEITE,Thursday,False
2022-11-24,220.9,BK INSTITUICAO DE PAGAMENTO S A,HOSPITAL FEDERAL DE IPANEMA,JONATAS BELONI SILVEIRA LEITE,Thursday,False
2016-05-11,199.6,DROGARIA E PERFUMARIA SANTA EDWIGES LTDA,INST. NACIONAL DE TRAUMATOLOGIA E ORTOPEDIA,JOCELY DA COSTA FERREIRA,Wednesday,False
2016-02-18,199.32,DROGARIA E PERFUMARIA SANTA EDWIGES LTDA,INST. NACIONAL DE TRAUMATOLOGIA E ORTOPEDIA,JOCELY DA COSTA FERREIRA,Thursday,False
2016-02-25,199.32,DROGARIA E PERFUMARIA SANTA EDWIGES LTDA,INST. NACIONAL DE TRAUMATOLOGIA E ORTOPEDIA,JOCELY DA COSTA FERREIRA,Thursday,False
2021-02-18,198.88,STONE PAY MEIOS DE PAGAMENTO LTDA,SUPERINTENDENCIA DO MINISTERIO DA SAUDE / PE,MARCOS ANTONIO LEITE,Thursday,False
2021-08-31,198.0,STONE PAY MEIOS DE PAGAMENTO LTDA,INSTITUTO EVANDRO CHAGAS,MANOEL CORREA DE MIRANDA,Tuesday,False
2021-04-16,183.0,STONE PAY MEIOS DE PAGAMENTO LTDA,INSTITUTO EVANDRO CHAGAS,MANOEL CORREA DE MIRANDA,Friday,False
2021-08-30,180.0,SUMUP INSTITUICAO DE PAGAMENTO BRASIL LTDA,INSTITUTO EVANDRO CHAGAS,JOSE JOAQUIM SILVA COSTA,Monday,False
2019-10-30,179.9,IFOOD PAGO INSTITUICAO DE PAGAMENTO S.A.,SUPERINTENDENCIA DO MINISTERIO DA SAUDE / PE,ALLAN MARQUES SAITO,Wednesday,False
2017-02-06,178.8,2D XAVIER MEDICAMENTOS E PERFUMARIA LTDA,SUPERINTENDENCIA DO MINISTERIO DA SAUDE / GO,LUCIANA ALVES VIEIRA,Monday,False
2021-03-15,177.5,STONE PAY MEIOS DE PAGAMENTO LTDA,INSTITUTO EVANDRO CHAGAS,MANOEL CORREA DE MIRANDA,Monday,False
2023-03-02,177.27,MAGALU PAGAMENTOS LTDA,INST. NACIONAL DE TRAUMATOLOGIA E ORTOPEDIA,ELAINE IRENE DE OLIVEIRA MENDES,Thursday,False
2022-09-21,177.1,MAGALU PAGAMENTOS LTDA,INST. NACIONAL DE TRAUMATOLOGIA E ORTOPEDIA,GABRIELA VIEIRA PACHECO,Wednesday,False
2020-08-31,177.0,STONE PAY MEIOS DE PAGAMENTO LTDA,INSTITUTO EVANDRO CHAGAS,MANOEL CORREA DE MIRANDA,Monday,False
2015-12-11,175.21,DROGARIA E PERFUMARIA SANTA EDWIGES LTDA,INST. NACIONAL DE TRAUMATOLOGIA E ORTOPEDIA,JOCELY DA COSTA FERREIRA,Friday,False
2023-06-02,174.27,MAGALUPAY INSTITUICAO DE PAGAMENTO S.A.,INST. NACIONAL DE TRAUMATOLOGIA E ORTOPEDIA,ELAINE IRENE DE OLIVEIRA MENDES,Friday,False
2023-06-02,174.27,MAGALUPAY INSTITUICAO DE PAGAMENTO S.A.,INST. NACIONAL DE TRAUMATOLOGIA E ORTOPEDIA,ELAINE IRENE DE OLIVEIRA MENDES,Friday,False
2023-06-20,174.2,MAGALUPAY INSTITUICAO DE PAGAMENTO S.A.,INST. NACIONAL DE TRAUMATOLOGIA E ORTOPEDIA,ELAINE IRENE DE OLIVEIRA MENDES,Tuesday,False
2023-09-28,170.2,BK INSTITUICAO DE PAGAMENTO S A,CENTRO NACIONAL DE PRIMATAS,DIEGO REYMAO MOREIRA,Thursday,False
2023-08-16,166.15,IMIFARMA PRODUTOS FARMACEUTICOS E COSMETICOS SA,CENTRO NACIONAL DE PRIMATAS,DIEGO REYMAO MOREIRA,Wednesday,False
2021-11-09,163.3,MERCADO PAGO INSTITUICAO DE PAGAMENTO LTDA,DISTRITO SANIT.ESP.INDIGENA - PERNAMBUCO,ANTONIO DE CARVALHO SA,Tuesday,False
2017-09-21,160.0,IZETTLE DO BRASIL MEIOS DE PAGAMENTO LTDA,SUPERINTENDENCIA DO MINISTERIO DA SAUDE / PI,NIVALDO DE MORAIS SILVA,Thursday,False
2021-03-12,156.0,STONE PAY MEIOS DE PAGAMENTO LTDA,INSTITUTO EVANDRO CHAGAS,MANOEL CORREA DE MIRANDA,Friday,False
2022-06-30,154.99,SUMUP INSTITUICAO DE PAGAMENTO BRASIL LTDA,INSTITUTO EVANDRO CHAGAS,JOSE JOAQUIM SILVA COSTA,Thursday,False
2022-06-30,154.93,SUMUP INSTITUICAO DE PAGAMENTO BRASIL LTDA,INSTITUTO EVANDRO CHAGAS,JOSE JOAQUIM SILVA COSTA,Thursday,False
2022-02-10,153.0,MAGALU PAGAMENTOS LTDA,INST. NACIONAL DE TRAUMATOLOGIA E ORTOPEDIA,ELAINE IRENE DE OLIVEIRA MENDES,Thursday,False
2021-09-16,151.6,PRATICA COMERCIO DE ARTIGOS DE RELOJOARIA LTDA,INSTITUTO EVANDRO CHAGAS,JOSE JOAQUIM SILVA COSTA,Thursday,False
2025-08-20,150.0,PAYGO ADMINISTRADORA DE MEIOS DE PAGAMENTOS LTDA,INSTITUTO NACIONAL DO CANCER - RJ,JOSE MAURICIO TEIXEIRA DA SILVA,Wednesday,False
2021-09-15,150.0,APOLOPAG FACILITADORA DE PAGAMENTOS INTERNACIONAIS LTDA,HOSPITAL FEDERAL DE IPANEMA,HEITOR LUIZ DE OLIVEIRA,Wednesday,False
2016-09-20,149.0,2D XAVIER MEDICAMENTOS E PERFUMARIA LTDA,SUPERINTENDENCIA DO MINISTERIO DA SAUDE / GO,JOSE MARIA DA SILVA,Tuesday,False
2021-10-13,145.9,GETNET ADQUIRENCIA E SERVICOS PARA MEIOS DE PAGAMENTO S.A. - INSTITUICAO DE PAGAMENTO,INST. NACIONAL DE TRAUMATOLOGIA E ORTOPEDIA,GABRIELA VIEIRA PACHECO,Wednesday,False
2021-10-11,144.48,MAGALU PAGAMENTOS LTDA,INST. NACIONAL DE TRAUMATOLOGIA E ORTOPEDIA,GABRIELA VIEIRA PACHECO,Monday,False
2021-09-08,140.0,MERCADO PAGO INSTITUICAO DE PAGAMENTO LTDA,INSTITUTO EVANDRO CHAGAS,AUGUSTO PEREIRA CORDEIRO,Wednesday,False
2021-08-23,140.0,MERCADO PAGO INSTITUICAO DE PAGAMENTO LTDA,INSTITUTO EVANDRO CHAGAS,AUGUSTO PEREIRA CORDEIRO,Monday,False
2021-09-01,135.0,STONE PAY MEIOS DE PAGAMENTO LTDA,INSTITUTO EVANDRO CHAGAS,MANOEL CORREA DE MIRANDA,Wednesday,False
2023-06-19,127.4,BK INSTITUICAO DE PAGAMENTO S A,HOSPITAL FEDERAL DE IPANEMA,JONATAS BELONI SILVEIRA LEITE,Monday,False
2021-02-05,127.0,DROGARIA E PERFUMARIA SANTA EDWIGES LTDA,INST. NACIONAL DE TRAUMATOLOGIA E ORTOPEDIA,ADRIANA LEITE ARANTES,Friday,False
2018-09-06,122.98,IMIFARMA PRODUTOS FARMACEUTICOS E COSMETICOS SA,CENTRO NACIONAL DE PRIMATAS,DIEGO ATIE FADUL,Thursday,False
2023-05-09,120.6,BK INSTITUICAO DE PAGAMENTO S A,HOSPITAL FEDERAL DE IPANEMA,CARLOS PEREIRA,Tuesday,False
2017-08-07,120.0,DROGARIA E PERFUMARIA SANTA EDWIGES LTDA,INST. NACIONAL DE TRAUMATOLOGIA E ORTOPEDIA,MARIA LINDALVA BONFIM VASCONCELLOS,Monday,False
2022-07-07,119.86,FARMACIA E PERFUMARIA REMAN LTDA,INSTITUTO NACIONAL DE CARDIOLOGIA,JOSIAS DA SILVA,Thursday,False
2020-11-04,119.8,DROGARIA E PERFUMARIA SANTA EDWIGES LTDA,INST. NACIONAL DE TRAUMATOLOGIA E ORTOPEDIA,JOCELY DA COSTA FERREIRA,Wednesday,False
2014-03-13,119.44,SAN PIETRO PRODUTOS DE PERFUMARIA E COSMETICOS LTDA,DISTRITO SANIT.ESP.INDIGENA - MARANHAO,JOSE RIBAMAR CARVALHO NEVES,Thursday,False
2016-05-11,118.62,DROGARIA E PERFUMARIA SANTA EDWIGES LTDA,INST. NACIONAL DE TRAUMATOLOGIA E ORTOPEDIA,JOCELY DA COSTA FERREIRA,Wednesday,False
2017-01-26,114.3,IMIFARMA PRODUTOS FARMACEUTICOS E COSMETICOS SA,CENTRO NACIONAL DE PRIMATAS,DIEGO ATIE FADUL,Thursday,False
2014-07-23,113.81,JKCV PERFUMARIA LTDA,HOSPITAL FEDERAL DE IPANEMA,ROSANNA MATERA,Wednesday,False
2018-03-08,110.72,DROGARIA E PERFUMARIA SANTA EDWIGES LTDA,INST. NACIONAL DE TRAUMATOLOGIA E ORTOPEDIA,ADRIANA LEITE ARANTES,Thursday,False
2020-11-13,110.02,DROGARIA E PERFUMARIA SANTA EDWIGES LTDA,INST. NACIONAL DE TRAUMATOLOGIA E ORTOPEDIA,JOCELY DA COSTA FERREIRA,Friday,False
2022-04-26,106.38,IMIFARMA PRODUTOS FARMACEUTICOS E COSMETICOS SA,CENTRO NACIONAL DE PRIMATAS,DIEGO ATIE FADUL,Tuesday,False
2024-09-13,104.99,IMIFARMA PRODUTOS FARMACEUTICOS E COSMETICOS SA,CENTRO NACIONAL DE PRIMATAS,DEBORA RENATA DOS REIS ROLIM,Friday,False
2025-02-24,103.9,BELA FERRAZ COSMETICOS LTDA,HOSPITAL FEDERAL DE IPANEMA,CHRISTIANE CIAFRINO,Monday,False
2020-11-04,100.0,SUMUP INSTITUICAO DE PAGAMENTO BRASIL LTDA,INSTITUTO EVANDRO CHAGAS,JOSE JOAQUIM SILVA COSTA,Wednesday,False
2021-09-20,100.0,APOLOPAG FACILITADORA DE PAGAMENTOS INTERNACIONAIS LTDA,HOSPITAL FEDERAL DE IPANEMA,HEITOR LUIZ DE OLIVEIRA,Monday,False
2020-11-23,100.0,SUMUP INSTITUICAO DE PAGAMENTO BRASIL LTDA,SUPERINTENDENCIA DO MINISTERIO DA SAUDE / RJ,CARLOS EDUARDO CHITA RODRIGUES DA COSTA,Monday,False
2021-09-15,100.0,APOLOPAG FACILITADORA DE PAGAMENTOS INTERNACIONAIS LTDA,HOSPITAL FEDERAL DE IPANEMA,HEITOR LUIZ DE OLIVEIRA,Wednesday,False
2016-07-15,99.38,DROGARIA E PERFUMARIA SANTA EDWIGES LTDA,INST. NACIONAL DE TRAUMATOLOGIA E ORTOPEDIA,ADRIANA LEITE ARANTES,Friday,False
2017-04-18,95.96,IMIFARMA PRODUTOS FARMACEUTICOS E COSMETICOS SA,CENTRO NACIONAL DE PRIMATAS,FLAUDEMIR MENDES DA SILVA,Tuesday,False
2022-05-06,94.96,YAPAY PAGAMENTOS ONLINE S/A,INST. NACIONAL DE TRAUMATOLOGIA E ORTOPEDIA,GABRIELA VIEIRA PACHECO,Friday,False
2015-12-17,94.44,DROGARIA E PERFUMARIA SANTA EDWIGES LTDA,INST. NACIONAL DE TRAUMATOLOGIA E ORTOPEDIA,JOCELY DA COSTA FERREIRA,Thursday,False
2013-08-09,93.0,RELOJOARIA GUARANI LTDA,INST. NACIONAL DE TRAUMATOLOGIA E ORTOPEDIA,EMERSON ARAUJO FERREIRA,Friday,False
2016-05-27,92.82,DROGARIA E PERFUMARIA SANTA EDWIGES LTDA,INST. NACIONAL DE TRAUMATOLOGIA E ORTOPEDIA,JOCELY DA COSTA FERREIRA,Friday,False
2017-08-02,90.94,DROGARIA E PERFUMARIA SANTA EDWIGES LTDA,INST. NACIONAL DE TRAUMATOLOGIA E ORTOPEDIA,MARIA LINDALVA BONFIM VASCONCELLOS,Wednesday,False
2021-10-01,90.69,PERFUMARIAS NZS LIMITADA,INSTITUTO NACIONAL DE CARDIOLOGIA,JOSIAS DA SILVA,Friday,False
2020-09-29,89.99,DROGARIA E PERFUMARIA SANTA EDWIGES LTDA,INST. NACIONAL DE TRAUMATOLOGIA E ORTOPEDIA,ADRIANA LEITE ARANTES,Tuesday,False
2021-04-27,89.94,DROGARIA E PERFUMARIA SANTA EDWIGES LTDA,INST. NACIONAL DE TRAUMATOLOGIA E ORTOPEDIA,ADRIANA LEITE ARANTES,Tuesday,False
2024-05-13,89.25,BK INSTITUICAO DE PAGAMENTO S A,HOSPITAL FEDERAL DE IPANEMA,JONATAS BELONI SILVEIRA LEITE,Monday,False
2017-11-22,88.21,DROGARIA E PERFUMARIA SANTA EDWIGES LTDA,INST. NACIONAL DE TRAUMATOLOGIA E ORTOPEDIA,MARIA LINDALVA BONFIM VASCONCELLOS,Wednesday,False
2019-03-14,86.7,DROGARIA E PERFUMARIA SANTA EDWIGES LTDA,INST. NACIONAL DE TRAUMATOLOGIA E ORTOPEDIA,ADRIANA LEITE ARANTES,Thursday,False
2021-06-11,85.38,DROGARIA E PERFUMARIA SANTA EDWIGES LTDA,INST. NACIONAL DE TRAUMATOLOGIA E ORTOPEDIA,ADRIANA LEITE ARANTES,Friday,False
2014-08-29,84.01,IMIFARMA PRODUTOS FARMACEUTICOS E COSMETICOS SA,CENTRO NACIONAL DE PRIMATAS,ANANDA KRISHNA DE MORAES RAMOS,Friday,False
2018-04-12,83.9,DROGARIA E PERFUMARIA SANTA EDWIGES LTDA,INST. NACIONAL DE TRAUMATOLOGIA E ORTOPEDIA,ADRIANA LEITE ARANTES,Thursday,False
2017-10-06,83.61,DROGARIA E PERFUMARIA SANTA EDWIGES LTDA,INST. NACIONAL DE TRAUMATOLOGIA E ORTOPEDIA,JOCELY DA COSTA FERREIRA,Friday,False
2020-06-03,83.22,DROGARIA E PERFUMARIA SANTA EDWIGES LTDA,INST. NACIONAL DE TRAUMATOLOGIA E ORTOPEDIA,ADRIANA LEITE ARANTES,Wednesday,False
2022-04-19,78.99,IMIFARMA PRODUTOS FARMACEUTICOS E COSMETICOS SA,CENTRO NACIONAL DE PRIMATAS,DIEGO ATIE FADUL,Tuesday,False
2021-11-30,78.56,MAGALU PAGAMENTOS LTDA,INST. NACIONAL DE TRAUMATOLOGIA E ORTOPEDIA,ELAINE IRENE DE OLIVEIRA MENDES,Tuesday,False
2020-09-09,78.0,DROGARIA E PERFUMARIA SANTA EDWIGES LTDA,INST. NACIONAL DE TRAUMATOLOGIA E ORTOPEDIA,ADRIANA LEITE ARANTES,Wednesday,False
2020-09-04,74.43,DROGARIA E PERFUMARIA SANTA EDWIGES LTDA,INST. NACIONAL DE TRAUMATOLOGIA E ORTOPEDIA,ADRIANA LEITE ARANTES,Friday,False
2017-11-22,74.28,DROGARIA E PERFUMARIA SANTA EDWIGES LTDA,INST. NACIONAL DE TRAUMATOLOGIA E ORTOPEDIA,MARIA LINDALVA BONFIM VASCONCELLOS,Wednesday,False
2013-09-19,74.24,JKCV PERFUMARIA LTDA,HOSPITAL FEDERAL DE IPANEMA,ROSANNA MATERA,Thursday,False
2024-01-25,72.8,BK INSTITUICAO DE PAGAMENTO S A,HOSPITAL FEDERAL DE IPANEMA,JONATAS BELONI SILVEIRA LEITE,Thursday,False
2017-09-15,71.9,DROGARIA E PERFUMARIA SANTA EDWIGES LTDA,INST. NACIONAL DE TRAUMATOLOGIA E ORTOPEDIA,ADRIANA LEITE ARANTES,Friday,False
2020-11-11,70.0,SUMUP INSTITUICAO DE PAGAMENTO BRASIL LTDA,INSTITUTO EVANDRO CHAGAS,JOSE JOAQUIM SILVA COSTA,Wednesday,False
2021-05-05,70.0,SUMUP INSTITUICAO DE PAGAMENTO BRASIL LTDA,INSTITUTO EVANDRO CHAGAS,MANOEL CORREA DE MIRANDA,Wednesday,False
2022-03-17,70.0,MERCADO PAGO INSTITUICAO DE PAGAMENTO LTDA,SUPERINTENDENCIA DO MINISTERIO DA SAUDE / PB,FERNANDO ALVES DA SILVA,Thursday,False
2019-04-02,69.99,DROGARIA E PERFUMARIA SANTA EDWIGES LTDA,INST. NACIONAL DE TRAUMATOLOGIA E ORTOPEDIA,ADRIANA LEITE ARANTES,Tuesday,False
2022-10-13,69.99,DROGARIA E PERFUMARIA SANTA EDWIGES LTDA,INST. NACIONAL DE TRAUMATOLOGIA E ORTOPEDIA,JOCELY DA COSTA FERREIRA,Thursday,False
2018-04-09,69.9,DROGARIA E PERFUMARIA SANTA EDWIGES LTDA,INST. NACIONAL DE TRAUMATOLOGIA E ORTOPEDIA,ADRIANA LEITE ARANTES,Monday,False
2017-10-03,69.9,DROGARIA E PERFUMARIA SANTA EDWIGES LTDA,INST. NACIONAL DE TRAUMATOLOGIA E ORTOPEDIA,JOCELY DA COSTA FERREIRA,Tuesday,False
2017-08-28,66.0,DROGARIA E PERFUMARIA SANTA EDWIGES LTDA,INST. NACIONAL DE TRAUMATOLOGIA E ORTOPEDIA,JOCELY DA COSTA FERREIRA,Monday,False
2018-10-25,66.0,DROGARIA E PERFUMARIA SANTA EDWIGES LTDA,INST. NACIONAL DE TRAUMATOLOGIA E ORTOPEDIA,ADRIANA LEITE ARANTES,Thursday,False
2015-12-17,63.2,DROGARIA E PERFUMARIA SANTA EDWIGES LTDA,INST. NACIONAL DE TRAUMATOLOGIA E ORTOPEDIA,JOCELY DA COSTA FERREIRA,Thursday,False
2016-02-22,62.3,DROGARIA E PERFUMARIA SANTA EDWIGES LTDA,INST. NACIONAL DE TRAUMATOLOGIA E ORTOPEDIA,JOCELY DA COSTA FERREIRA,Monday,False
2022-08-25,62.17,MAGALU PAGAMENTOS LTDA,INST. NACIONAL DE TRAUMATOLOGIA E ORTOPEDIA,GABRIELA VIEIRA PACHECO,Thursday,False
2017-02-13,61.99,IMIFARMA PRODUTOS FARMACEUTICOS E COSMETICOS SA,CENTRO NACIONAL DE PRIMATAS,DIEGO ATIE FADUL,Monday,False
2021-04-08,61.95,DROGARIA E PERFUMARIA SANTA EDWIGES LTDA,INST. NACIONAL DE TRAUMATOLOGIA E ORTOPEDIA,ADRIANA LEITE ARANTES,Thursday,False
2016-05-31,61.44,DROGARIA E PERFUMARIA SANTA EDWIGES LTDA,INST. NACIONAL DE TRAUMATOLOGIA E ORTOPEDIA,JOCELY DA COSTA FERREIRA,Tuesday,False
2022-11-03,61.3,BK INSTITUICAO DE PAGAMENTO S A,HOSPITAL FEDERAL DE IPANEMA,JONATAS BELONI SILVEIRA LEITE,Thursday,False
2021-09-03,60.0,SUMUP INSTITUICAO DE PAGAMENTO BRASIL LTDA,CENTRO NACIONAL DE PRIMATAS,FLAUDEMIR MENDES DA SILVA,Friday,False
2017-08-25,59.79,DROGARIA E PERFUMARIA SANTA EDWIGES LTDA,INST. NACIONAL DE TRAUMATOLOGIA E ORTOPEDIA,JOCELY DA COSTA FERREIRA,Friday,False
2021-08-17,59.19,IMIFARMA PRODUTOS FARMACEUTICOS E COSMETICOS SA,CENTRO NACIONAL DE PRIMATAS,FLAUDEMIR MENDES DA SILVA,Tuesday,False
2023-10-04,58.65,BK INSTITUICAO DE PAGAMENTO S A,HOSPITAL FEDERAL DE IPANEMA,JONATAS BELONI SILVEIRA LEITE,Wednesday,False
2016-05-04,58.62,DROGARIA E PERFUMARIA SANTA EDWIGES LTDA,INST. NACIONAL DE TRAUMATOLOGIA E ORTOPEDIA,JOCELY DA COSTA FERREIRA,Wednesday,False
2016-08-26,54.99,IMIFARMA PRODUTOS FARMACEUTICOS E COSMETICOS SA,CENTRO NACIONAL DE PRIMATAS,DIEGO ATIE FADUL,Friday,False
2020-09-03,52.5,STONE PAY MEIOS DE PAGAMENTO LTDA,INSTITUTO EVANDRO CHAGAS,MANOEL CORREA DE MIRANDA,Thursday,False
2015-12-18,52.47,DROGARIA E PERFUMARIA SANTA EDWIGES LTDA,INST. NACIONAL DE TRAUMATOLOGIA E ORTOPEDIA,JOCELY DA COSTA FERREIRA,Friday,False
2024-03-27,52.1,BK INSTITUICAO DE PAGAMENTO S A,SUPERINTENDENCIA DO MINISTERIO DA SAUDE / PB,DIEGO HENRIQUE NEVES PEREIRA,Wednesday,False
2017-09-22,51.89,DROGARIA E PERFUMARIA SANTA EDWIGES LTDA,INST. NACIONAL DE TRAUMATOLOGIA E ORTOPEDIA,ADRIANA LEITE ARANTES,Friday,False
2023-06-22,50.0,MERCADO PAGO INSTITUICAO DE PAGAMENTO LTDA,SUPERINTENDENCIA DO MINISTERIO DA SAUDE / TO,ANTONIO SOARES ARAUJO,Thursday,False
2021-09-20,50.0,APOLOPAG FACILITADORA DE PAGAMENTOS INTERNACIONAIS LTDA,HOSPITAL FEDERAL DE IPANEMA,HEITOR LUIZ DE OLIVEIRA,Monday,False
2021-09-15,50.0,APOLOPAG FACILITADORA DE PAGAMENTOS INTERNACIONAIS LTDA,HOSPITAL FEDERAL DE IPANEMA,HEITOR LUIZ DE OLIVEIRA,Wednesday,False
2021-09-14,50.0,APOLOPAG FACILITADORA DE PAGAMENTOS INTERNACIONAIS LTDA,HOSPITAL FEDERAL DE IPANEMA,HEITOR LUIZ DE OLIVEIRA,Tuesday,False
2017-11-22,49.98,DROGARIA E PERFUMARIA SANTA EDWIGES LTDA,INST. NACIONAL DE TRAUMATOLOGIA E ORTOPEDIA,MARIA LINDALVA BONFIM VASCONCELLOS,Wednesday,False
2019-10-03,49.35,DROGARIA E PERFUMARIA SANTA EDWIGES LTDA,INST. NACIONAL DE TRAUMATOLOGIA E ORTOPEDIA,ADRIANA LEITE ARANTES,Thursday,False
2016-08-19,48.5,DROGARIA E PERFUMARIA SANTA EDWIGES LTDA,INST. NACIONAL DE TRAUMATOLOGIA E ORTOPEDIA,JOCELY DA COSTA FERREIRA,Friday,False
2016-05-25,48.36,DROGARIA E PERFUMARIA SANTA EDWIGES LTDA,INST. NACIONAL DE TRAUMATOLOGIA E ORTOPEDIA,JOCELY DA COSTA FERREIRA,Wednesday,False
2023-06-13,48.23,BK INSTITUICAO DE PAGAMENTO S A,HOSPITAL FEDERAL DE IPANEMA,JONATAS BELONI SILVEIRA LEITE,Tuesday,False
2021-03-04,48.09,PERFUMARIAS NZS LIMITADA,INSTITUTO NACIONAL DE CARDIOLOGIA,JOSIAS DA SILVA,Thursday,False
2020-10-23,48.09,PERFUMARIAS NZS LIMITADA,INSTITUTO NACIONAL DE CARDIOLOGIA,JOSIAS DA SILVA,Friday,False
2021-02-01,48.09,PERFUMARIAS NZS LIMITADA,INSTITUTO NACIONAL DE CARDIOLOGIA,JOSIAS DA SILVA,Monday,False
2021-06-24,48.05,PERFUMARIAS NZS LIMITADA,INSTITUTO NACIONAL DE CARDIOLOGIA,JOSIAS DA SILVA,Thursday,False
2017-08-25,48.0,DROGARIA E PERFUMARIA SANTA EDWIGES LTDA,INST. NACIONAL DE TRAUMATOLOGIA E ORTOPEDIA,JOCELY DA COSTA FERREIRA,Friday,False
2021-09-23,46.7,DLOCAL BRASIL INSTITUICAO DE PAGAMENTO S.A.,HOSPITAL FEDERAL DE IPANEMA,HEITOR LUIZ DE OLIVEIRA,Thursday,False
2019-08-13,46.11,DROGARIA E PERFUMARIA SANTA EDWIGES LTDA,INST. NACIONAL DE TRAUMATOLOGIA E ORTOPEDIA,ADRIANA LEITE ARANTES,Tuesday,False
2021-10-08,46.08,FARMACIA E PERFUMARIA REMAN LTDA,INSTITUTO NACIONAL DE CARDIOLOGIA,JOSIAS DA SILVA,Friday,False
2020-04-07,45.8,PERFUMARIAS NZS LIMITADA,INSTITUTO NACIONAL DE CARDIOLOGIA,JOSIAS DA SILVA,Tuesday,False
2020-04-16,45.8,PERFUMARIAS NZS LIMITADA,INSTITUTO NACIONAL DE CARDIOLOGIA,JOSIAS DA SILVA,Thursday,False
2015-11-19,45.48,DROGARIA E PERFUMARIA SANTA EDWIGES LTDA,INST. NACIONAL DE TRAUMATOLOGIA E ORTOPEDIA,JOCELY DA COSTA FERREIRA,Thursday,False
2016-11-17,45.09,DROGARIA E PERFUMARIA SANTA EDWIGES LTDA,INST. NACIONAL DE TRAUMATOLOGIA E ORTOPEDIA,JOCELY DA COSTA FERREIRA,Thursday,False
2012-11-29,44.5,J R N MEDICAMENTOS E PERFUMARIA LTDA,DISTRITO SANIT.ESP.INDIGENA - MARANHAO,FRANCISCO DE BARROS,Thursday,False
2024-04-17,44.06,BK INSTITUICAO DE PAGAMENTO S A,HOSPITAL FEDERAL DE IPANEMA,JONATAS BELONI SILVEIRA LEITE,Wednesday,False
2017-08-02,43.11,DROGARIA E PERFUMARIA SANTA EDWIGES LTDA,INST. NACIONAL DE TRAUMATOLOGIA E ORTOPEDIA,MARIA LINDALVA BONFIM VASCONCELLOS,Wednesday,False
2019-07-30,42.99,PERFUMARIAS NZS LIMITADA,INSTITUTO NACIONAL DE CARDIOLOGIA,JOSIAS DA SILVA,Tuesday,False
2017-11-28,42.75,DROGARIA E PERFUMARIA SANTA EDWIGES LTDA,INST. NACIONAL DE TRAUMATOLOGIA E ORTOPEDIA,MARIA LINDALVA BONFIM VASCONCELLOS,Tuesday,False
2014-04-11,42.47,IMIFARMA PRODUTOS FARMACEUTICOS E COSMETICOS SA,DISTRITO SANIT.ESP.INDIGENA - MARANHAO,JOSE RIBAMAR CARVALHO NEVES,Friday,False
2023-07-26,42.11,BK INSTITUICAO DE PAGAMENTO S A,HOSPITAL FEDERAL DE IPANEMA,CARLOS PEREIRA,Wednesday,False
2022-09-02,42.01,DINAMICA COMERCIO DE ARTIGOS DE RELOJOARIA LTDA,INSTITUTO EVANDRO CHAGAS,JOSE JOAQUIM SILVA COSTA,Friday,False
2014-05-26,42.0,J R N MEDICAMENTOS E PERFUMARIA LTDA,DISTRITO SANIT.ESP.INDIGENA - MARANHAO,FRANCISCO DE BARROS,Monday,False
2022-09-02,42.0,DINAMICA COMERCIO DE ARTIGOS DE RELOJOARIA LTDA,INSTITUTO EVANDRO CHAGAS,JOSE JOAQUIM SILVA COSTA,Friday,False
2021-04-01,41.98,PERFUMARIAS NZS LIMITADA,INSTITUTO NACIONAL DE CARDIOLOGIA,JOSIAS DA SILVA,Thursday,False
2023-10-30,41.92,RS COSMETICOS LTDA,INSTITUTO EVANDRO CHAGAS,JOSE JOAQUIM SILVA COSTA,Monday,False
2023-08-31,40.2,BK INSTITUICAO DE PAGAMENTO S A,HOSPITAL FEDERAL DE IPANEMA,JONATAS BELONI SILVEIRA LEITE,Thursday,False
2016-03-23,40.02,DROGARIA E PERFUMARIA SANTA EDWIGES LTDA,INST. NACIONAL DE TRAUMATOLOGIA E ORTOPEDIA,JOCELY DA COSTA FERREIRA,Wednesday,False
2021-09-20,40.0,APOLOPAG FACILITADORA DE PAGAMENTOS INTERNACIONAIS LTDA,HOSPITAL FEDERAL DE IPANEMA,HEITOR LUIZ DE OLIVEIRA,Monday,False
2021-09-20,40.0,APOLOPAG FACILITADORA DE PAGAMENTOS INTERNACIONAIS LTDA,HOSPITAL FEDERAL DE IPANEMA,HEITOR LUIZ DE OLIVEIRA,Monday,False
2015-12-04,39.9,DROGARIA E PERFUMARIA SANTA EDWIGES LTDA,INST. NACIONAL DE TRAUMATOLOGIA E ORTOPEDIA,JOCELY DA COSTA FERREIRA,Friday,False
2015-05-29,39.68,JKCV PERFUMARIA LTDA,HOSPITAL FEDERAL DE IPANEMA,ROSANNA MATERA,Friday,False
2017-05-29,39.0,DROGARIA E PERFUMARIA SANTA EDWIGES LTDA,INST. NACIONAL DE TRAUMATOLOGIA E ORTOPEDIA,ADRIANA LEITE ARANTES,Monday,False
2020-11-04,37.97,DROGARIA E PERFUMARIA SANTA EDWIGES LTDA,INST. NACIONAL DE TRAUMATOLOGIA E ORTOPEDIA,JOCELY DA COSTA FERREIRA,Wednesday,False
2020-04-30,37.56,DROGARIA E PERFUMARIA SANTA EDWIGES LTDA,INST. NACIONAL DE TRAUMATOLOGIA E ORTOPEDIA,JOCELY DA COSTA FERREIRA,Thursday,False
2023-11-09,36.4,BK INSTITUICAO DE PAGAMENTO S A,HOSPITAL FEDERAL DE IPANEMA,JONATAS BELONI SILVEIRA LEITE,Thursday,False
2016-03-29,35.2,DROGARIA E PERFUMARIA SANTA EDWIGES LTDA,INST. NACIONAL DE TRAUMATOLOGIA E ORTOPEDIA,JOCELY DA COSTA FERREIRA,Tuesday,False
2020-03-18,34.84,DROGARIA E PERFUMARIA SANTA EDWIGES LTDA,INST. NACIONAL DE TRAUMATOLOGIA E ORTOPEDIA,ADRIANA LEITE ARANTES,Wednesday,False
2019-03-01,34.0,DROGARIA E PERFUMARIA SANTA EDWIGES LTDA,INST. NACIONAL DE TRAUMATOLOGIA E ORTOPEDIA,ADRIANA LEITE ARANTES,Friday,False
2019-03-19,33.95,DROGARIA E PERFUMARIA SANTA EDWIGES LTDA,INST. NACIONAL DE TRAUMATOLOGIA E ORTOPEDIA,ADRIANA LEITE ARANTES,Tuesday,False
2016-07-22,33.65,ALIMARX DROGARIA E PERFUMARIA LTDA,INSTITUTO NACIONAL DE CARDIOLOGIA,JOSIAS DA SILVA,Friday,False
2019-06-18,33.64,PERFUMARIAS NZS LIMITADA,INSTITUTO NACIONAL DE CARDIOLOGIA,JOSIAS DA SILVA,Tuesday,False
2021-07-16,33.64,PERFUMARIAS NZS LIMITADA,INSTITUTO NACIONAL DE CARDIOLOGIA,JOSIAS DA SILVA,Friday,False
2018-10-02,32.17,IMIFARMA PRODUTOS FARMACEUTICOS E COSMETICOS SA,CENTRO NACIONAL DE PRIMATAS,DIEGO ATIE FADUL,Tuesday,False
2013-09-18,31.61,IMIFARMA PRODUTOS FARMACEUTICOS E COSMETICOS SA,DISTRITO SANIT.ESP.INDIGENA - MARANHAO,JOSE RIBAMAR CARVALHO NEVES,Wednesday,False
2015-07-29,31.56,JKCV PERFUMARIA LTDA,HOSPITAL FEDERAL DE IPANEMA,ROSANNA MATERA,Wednesday,False
2020-06-03,31.25,DROGARIA E PERFUMARIA SANTA EDWIGES LTDA,INST. NACIONAL DE TRAUMATOLOGIA E ORTOPEDIA,ADRIANA LEITE ARANTES,Wednesday,False
2020-10-13,30.0,MERCADO PAGO INSTITUICAO DE PAGAMENTO LTDA,SUPERINTENDENCIA DO MINISTERIO DA SAUDE / TO,WANTEILDO ANTUNES AYRES DE LIMA,Tuesday,False
2019-03-28,29.9,DROGARIA E PERFUMARIA SANTA EDWIGES LTDA,INST. NACIONAL DE TRAUMATOLOGIA E ORTOPEDIA,ADRIANA LEITE ARANTES,Thursday,False
2021-04-26,29.5,FARMACIA E PERFUMARIA REMAN LTDA,INSTITUTO NACIONAL DE CARDIOLOGIA,JOSIAS DA SILVA,Monday,False
2021-04-26,29.5,FARMACIA E PERFUMARIA REMAN LTDA,INSTITUTO NACIONAL DE CARDIOLOGIA,JOSIAS DA SILVA,Monday,False
2017-09-06,29.2,DROGARIA E PERFUMARIA SANTA EDWIGES LTDA,INST. NACIONAL DE TRAUMATOLOGIA E ORTOPEDIA,ADRIANA LEITE ARANTES,Wednesday,False
2016-03-28,28.95,DROGARIA E PERFUMARIA SANTA EDWIGES LTDA,INST. NACIONAL DE TRAUMATOLOGIA E ORTOPEDIA,JOCELY DA COSTA FERREIRA,Monday,False
2021-04-09,28.89,PERFUMARIAS NZS LIMITADA,INSTITUTO NACIONAL DE CARDIOLOGIA,JOSIAS DA SILVA,Friday,False
2013-03-27,28.68,IMIFARMA PRODUTOS FARMACEUTICOS E COSMETICOS SA,DISTRITO SANIT.ESP.INDIGENA - MARANHAO,JOSE RIBAMAR CARVALHO NEVES,Wednesday,False
2023-05-26,25.8,BK INSTITUICAO DE PAGAMENTO S A,SUPERINTENDENCIA DO MINISTERIO DA SAUDE / PB,FERNANDO ALVES DA SILVA,Friday,False
2017-09-15,25.5,DROGARIA E PERFUMARIA SANTA EDWIGES LTDA,INST. NACIONAL DE TRAUMATOLOGIA E ORTOPEDIA,ADRIANA LEITE ARANTES,Friday,False
2022-07-12,25.0,FARMACIA E PERFUMARIA REMAN LTDA,INSTITUTO NACIONAL DE CARDIOLOGIA,JOSIAS DA SILVA,Tuesday,False
2023-05-26,24.99,DROGARIA E PERFUMARIA SANTA EDWIGES LTDA,INST. NACIONAL DE TRAUMATOLOGIA E ORTOPEDIA,ADRIANA LEITE ARANTES,Friday,False
2020-09-29,24.73,DROGARIA E PERFUMARIA SANTA EDWIGES LTDA,INST. NACIONAL DE TRAUMATOLOGIA E ORTOPEDIA,ADRIANA LEITE ARANTES,Tuesday,False
2018-05-11,24.5,PERFUMARIAS NZS LIMITADA,INSTITUTO NACIONAL DE CARDIOLOGIA,JOSIAS DA SILVA,Friday,False
2018-04-30,24.5,PERFUMARIAS NZS LIMITADA,INSTITUTO NACIONAL DE CARDIOLOGIA,JOSIAS DA SILVA,Monday,False
2018-04-13,24.49,PERFUMARIAS NZS LIMITADA,INSTITUTO NACIONAL DE CARDIOLOGIA,JOSIAS DA SILVA,Friday,False
2021-04-08,24.02,DROGARIA E PERFUMARIA SANTA EDWIGES LTDA,INST. NACIONAL DE TRAUMATOLOGIA E ORTOPEDIA,ADRIANA LEITE ARANTES,Thursday,False
2013-09-06,24.0,PROGRESSO COMERCIO DE JOIAS E RELOGIOS LTDA,SUPERINTENDENCIA DO MINISTERIO DA SAUDE / PR,CLOVIS ALBERTO MACIOSZEK,Friday,False
2025-05-08,23.67,MERCADO PAGO INSTITUICAO DE PAGAMENTO LTDA,HOSPITAL FEDERAL DE IPANEMA,JONATAS BELONI SILVEIRA LEITE,Thursday,False
2022-05-13,23.0,DROGARIA E PERFUMARIA SANTA EDWIGES LTDA,INST. NACIONAL DE TRAUMATOLOGIA E ORTOPEDIA,ADRIANA LEITE ARANTES,Friday,False
2021-04-27,22.48,DROGARIA E PERFUMARIA SANTA EDWIGES LTDA,INST. NACIONAL DE TRAUMATOLOGIA E ORTOPEDIA,ADRIANA LEITE ARANTES,Tuesday,False
2017-07-27,22.02,DROGARIA E PERFUMARIA SANTA EDWIGES LTDA,INST. NACIONAL DE TRAUMATOLOGIA E ORTOPEDIA,JOCELY DA COSTA FERREIRA,Thursday,False
2020-04-24,22.0,DROGARIA E PERFUMARIA SANTA EDWIGES LTDA,INST. NACIONAL DE TRAUMATOLOGIA E ORTOPEDIA,ADRIANA LEITE ARANTES,Friday,False
2018-09-28,21.5,DROGARIA E PERFUMARIA SANTA EDWIGES LTDA,INST. NACIONAL DE TRAUMATOLOGIA E ORTOPEDIA,ADRIANA LEITE ARANTES,Friday,False
2019-06-11,20.9,PERFUMARIAS NZS LIMITADA,INSTITUTO NACIONAL DE CARDIOLOGIA,JOSIAS DA SILVA,Tuesday,False
2016-08-19,19.5,DROGARIA E PERFUMARIA SANTA EDWIGES LTDA,INST. NACIONAL DE TRAUMATOLOGIA E ORTOPEDIA,JOCELY DA COSTA FERREIRA,Friday,False
2015-05-08,19.0,IMIFARMA PRODUTOS FARMACEUTICOS E COSMETICOS SA,CENTRO NACIONAL DE PRIMATAS,ANANDA KRISHNA DE MORAES RAMOS,Friday,False
2018-06-11,17.9,PERFUMARIAS NZS LIMITADA,INSTITUTO NACIONAL DE CARDIOLOGIA,JOSIAS DA SILVA,Monday,False
2020-10-13,17.03,DROGARIA E PERFUMARIA SANTA EDWIGES LTDA,INST. NACIONAL DE TRAUMATOLOGIA E ORTOPEDIA,JOCELY DA COSTA FERREIRA,Tuesday,False
2017-08-02,16.79,DROGARIA E PERFUMARIA SANTA EDWIGES LTDA,INST. NACIONAL DE TRAUMATOLOGIA E ORTOPEDIA,MARIA LINDALVA BONFIM VASCONCELLOS,Wednesday,False
2020-06-19,16.08,PERFUMARIAS NZS LIMITADA,INSTITUTO NACIONAL DE CARDIOLOGIA,JOSIAS DA SILVA,Friday,False
2018-03-01,15.88,DROGARIA E PERFUMARIA SANTA EDWIGES LTDA,INST. NACIONAL DE TRAUMATOLOGIA E ORTOPEDIA,JOCELY DA COSTA FERREIRA,Thursday,False
2019-09-23,14.6,PERFUMARIAS NZS LIMITADA,INSTITUTO NACIONAL DE CARDIOLOGIA,JOSIAS DA SILVA,Monday,False
2022-07-21,14.21,DROGARIA E PERFUMARIA SANTA EDWIGES LTDA,INST. NACIONAL DE TRAUMATOLOGIA E ORTOPEDIA,JOCELY DA COSTA FERREIRA,Thursday,False
2022-11-07,13.98,DROGARIA E PERFUMARIA SANTA EDWIGES LTDA,INST. NACIONAL DE TRAUMATOLOGIA E ORTOPEDIA,ADRIANA LEITE ARANTES,Monday,False
2017-05-26,13.74,DROGARIA E PERFUMARIA SANTA EDWIGES LTDA,INST. NACIONAL DE TRAUMATOLOGIA E ORTOPEDIA,ADRIANA LEITE ARANTES,Friday,False
2017-07-26,13.46,DROGARIA E PERFUMARIA SANTA EDWIGES LTDA,INST. NACIONAL DE TRAUMATOLOGIA E ORTOPEDIA,JOCELY DA COSTA FERREIRA,Wednesday,False
2017-09-28,12.94,DROGARIA E PERFUMARIA SANTA EDWIGES LTDA,INST. NACIONAL DE TRAUMATOLOGIA E ORTOPEDIA,JOCELY DA COSTA FERREIRA,Thursday,False
2017-06-20,12.75,DROGARIA E PERFUMARIA SANTA EDWIGES LTDA,INST. NACIONAL DE TRAUMATOLOGIA E ORTOPEDIA,JOCELY DA COSTA FERREIRA,Tuesday,False
2023-06-02,12.15,DROGARIA E PERFUMARIA SANTA EDWIGES LTDA,INST. NACIONAL DE TRAUMATOLOGIA E ORTOPEDIA,ADRIANA LEITE ARANTES,Friday,False
2019-09-25,11.0,IFOOD PAGO INSTITUICAO DE PAGAMENTO S.A.,INSTITUTO NACIONAL DE CARDIOLOGIA,SERGIO FIRMINO,Wednesday,False
2018-03-08,10.76,DROGARIA E PERFUMARIA SANTA EDWIGES LTDA,INST. NACIONAL DE TRAUMATOLOGIA E ORTOPEDIA,ADRIANA LEITE ARANTES,Thursday,False
2013-10-23,10.5,FARMACIA E PERFUMARIA REMAN LTDA,INSTITUTO NACIONAL DE CARDIOLOGIA,SHARLA ANDREA WERNER YAMAGUCHI,Wednesday,False
2013-10-22,10.5,FARMACIA E PERFUMARIA REMAN LTDA,INSTITUTO NACIONAL DE CARDIOLOGIA,SHARLA ANDREA WERNER YAMAGUCHI,Tuesday,False
2017-09-15,10.3,DROGARIA E PERFUMARIA SANTA EDWIGES LTDA,INST. NACIONAL DE TRAUMATOLOGIA E ORTOPEDIA,ADRIANA LEITE ARANTES,Friday,False
2022-11-17,10.0,DROGARIA E PERFUMARIA SANTA EDWIGES LTDA,INST. NACIONAL DE TRAUMATOLOGIA E ORTOPEDIA,JOCELY DA COSTA FERREIRA,Thursday,False
2017-09-19,9.97,DROGARIA E PERFUMARIA SANTA EDWIGES LTDA,INST. NACIONAL DE TRAUMATOLOGIA E ORTOPEDIA,JOCELY DA COSTA FERREIRA,Tuesday,False
2018-11-14,9.01,DROGARIA E PERFUMARIA SANTA EDWIGES LTDA,INST. NACIONAL DE TRAUMATOLOGIA E ORTOPEDIA,ADRIANA LEITE ARANTES,Wednesday,False
2025-08-02,8.9,MERCADO PAGO INSTITUICAO DE PAGAMENTO LTDA,HOSPITAL FEDERAL DE IPANEMA,JONATAS BELONI SILVEIRA LEITE,Saturday,True
2018-03-19,6.5,DROGARIA E PERFUMARIA SANTA EDWIGES LTDA,INST. NACIONAL DE TRAUMATOLOGIA E ORTOPEDIA,ADRIANA LEITE ARANTES,Monday,False
2014-08-11,6.0,J R N MEDICAMENTOS E PERFUMARIA LTDA,DISTRITO SANIT.ESP.INDIGENA - MARANHAO,EXPEDITO LEANDRO SANTOS DE SOUSA,Monday,False
2019-05-30,4.99,DROGARIA E PERFUMARIA SANTA EDWIGES LTDA,INST. NACIONAL DE TRAUMATOLOGIA E ORTOPEDIA,ADRIANA LEITE ARANTES,Thursday,False
2015-11-12,4.99,FARMACIA E PERFUMARIA REMAN LTDA,INSTITUTO NACIONAL DE CARDIOLOGIA,SHARLA ANDREA WERNER YAMAGUCHI,Thursday,False
