ug_nome,mes,total_gasto,media_mensal,variacao_pct
HOSPITAL FEDERAL DA LAGOA,4,73020.98999999999,11695.837272727273,524.33
DISTRITO SANIT.ESP.INDIGENA - PERNAMBUCO,12,125044.94,28158.744545454545,344.07
DISTRITO SANIT.ESP.INDIGENA - LITORAL SUL,2,14625.0,3397.4,330.48
INST. NACIONAL DE TRAUMATOLOGIA E ORTOPEDIA,6,313354.77,76654.79,308.79
DISTRITO SANIT.ESP.INDIGENA - XINGU,6,16876.0,5535.099999999999,204.89
DISTRITO SANIT.ESP.INDIGENA - MANAUS,4,6772.67,2326.8137500000003,191.07
SUPERINTENDENCIA DO MINISTERIO DA SAUDE / RJ,11,111002.54000000001,40068.806666666664,177.03
GABINETE DO MINISTRO - MS,8,5405.46,1979.9466666666667,173.01
SUPERINTENDENCIA DO MINISTERIO DA SAUDE / CE,9,45546.55,16922.9225,169.14
DISTRITO SANIT.ESP.INDIGENA - MG/ES,4,24249.28,9363.711666666666,158.97
DISTRITO SANIT.ESP.INDIGENA - CEARA,10,4360.03,1693.0625,157.52
SUPERINTENDENCIA DO MINISTERIO DA SAUDE / PI,9,29404.98,11629.920833333332,152.84
DIRETORIA EXECUTIVA DO FUNDO NAC. DE SAUDE,6,2344.73,933.6591666666667,151.13
DISTRITO SANIT.ESP.INDIGENA AL/SE,4,4410.0,1797.5783333333331,145.33
DISTRITO SANIT.ESP.INDIGENA - POTIGUARA,1,5380.26,2199.679090909091,144.59
SUPERINTENDENCIA DO MINISTERIO DA SAUDE / SP,11,34417.88,14289.099166666667,140.87
HOSPITAL FEDERAL CARDOSO FONTES,5,7660.4,3190.0649999999996,140.13
DISTRITO SANIT.ESP.INDIGENA - PARINTINS,7,4551.31,1902.091,139.28
SUPERINTENDENCIA DO MINISTERIO DA SAUDE / AC,7,38978.51,16347.692000000001,138.43
HOSPITAL FEDERAL CARDOSO FONTES,7,7592.17,3190.0649999999996,137.99
INST. NACIONAL DE TRAUMATOLOGIA E ORTOPEDIA,7,178037.73,76654.79,132.26
DISTRITO SANIT.ESP.INDIGENA MATO GROSSO SUL,3,12601.26,5427.152222222223,132.19
SUPERINTENDENCIA DO MINISTERIO DA SAUDE / SC,6,48206.03,20792.180833333332,131.85
INSTITUTO NACIONAL DE CARDIOLOGIA,5,23462.57,10451.125,124.5
HOSPITAL FEDERAL DA LAGOA,5,26191.2,11695.837272727273,123.94
SUPERINTENDENCIA DO MINISTERIO DA SAUDE / MA,7,34486.15,15589.631,121.21
SUPERINTENDENCIA DO MINISTERIO DA SAUDE / TO,6,33225.69,15161.901666666667,119.14
SUPERINTENDENCIA DO MINISTERIO DA SAUDE / SE,9,32390.26,14868.749,117.84
DISTRITO SANIT.ESP.INDIGENA - MARANHAO,3,23351.16,10723.177272727273,117.76
SUPERINTENDENCIA DO MINISTERIO DA SAUDE / PB,5,34694.95,16008.859166666667,116.72
DISTRITO SANIT.ESP.INDIGENA - CUIABA,12,22034.38,10209.380000000001,115.82
SUPERINTENDENCIA DO MINISTERIO DA SAUDE / MS,5,23162.71,10808.853,114.29
SUPERINTENDENCIA DO MINISTERIO DA SAUDE / MG,7,35934.5,16781.726666666666,114.13
DISTRITO SANIT.ESP.INDIGENA - PERNAMBUCO,3,60181.34,28158.744545454545,113.72
SUPERINTENDENCIA DO MINISTERIO DA SAUDE / PA,5,49496.33,23165.446666666667,113.66
SUPERINTENDENCIA DO MINISTERIO DA SAUDE / RS,10,32985.74,15575.119090909091,111.78
SUPERINTENDENCIA DO MINISTERIO DA SAUDE / MT,11,37176.51,17685.285,110.21
SUPERINTENDENCIA DO MINISTERIO DA SAUDE / TO,3,31849.93,15161.901666666667,110.07
DISTRITO SANIT.ESP.INDIGENA - PORTO VELHO,10,5537.78,2649.387142857143,109.02
DISTRITO SANIT.ESP.INDIGENA - XAVANTE,12,12481.59,5988.7175,108.42
DISTRITO SANIT.ESP.INDIGENA - BAHIA,8,27879.41,13424.285833333333,107.68
DIRETORIA EXECUTIVA DO FUNDO NAC. DE SAUDE,7,1919.72,933.6591666666667,105.61
SUPERINTENDENCIA DO MINISTERIO DA SAUDE / MG,6,34487.86,16781.726666666666,105.51
SUPERINTENDENCIA DO MINISTERIO DA SAUDE / RO,5,37403.700000000004,18231.51636363636,105.16
GABINETE DO MINISTRO - MS,4,4039.5299999999997,1979.9466666666667,104.02
INSTITUTO EVANDRO CHAGAS,8,396071.71,194876.06000000003,103.24
SUPERINTENDENCIA DO MINISTERIO DA SAUDE / AM,6,27894.17,13794.979090909093,102.21
SUPERINTENDENCIA DO MINISTERIO DA SAUDE / MA,9,31434.43,15589.631,101.64
DISTRITO SANIT.ESP.INDIGENA - POTIGUARA,2,4419.0599999999995,2199.679090909091,100.9
DISTRITO SANIT.ESP.INDIGENA - MANAUS,9,4644.5,2326.8137500000003,99.61
INSTITUTO NACIONAL DO CANCER - RJ,5,147734.67,74335.32333333333,98.74
SUPERINTENDENCIA DO MINISTERIO DA SAUDE / SP,6,28261.28,14289.099166666667,97.78
SUPERINTENDENCIA DO MINISTERIO DA SAUDE / PR,9,25342.09,12937.675454545453,95.88
SUPERINTENDENCIA DO MINISTERIO DA SAUDE / PB,7,31280.77,16008.859166666667,95.4
SUPERINTENDENCIA DO MINISTERIO DA SAUDE / AM,4,26734.74,13794.979090909093,93.8
DISTRITO SANIT.ESP.INDIGENA - MG/ES,12,18056.33,9363.711666666666,92.83
SUPERINTENDENCIA DO MINISTERIO DA SAUDE / RJ,9,77142.45,40068.806666666664,92.52
DISTRITO SANIT.ESP.INDIGENA - INTERIOR SUL,4,13898.460000000001,7245.5070000000005,91.82
DISTRITO SANIT.ESP.INDIGENA - PORTO VELHO,11,5065.67,2649.387142857143,91.2
SUPERINTENDENCIA DO MINISTERIO DA SAUDE / ES,11,24938.41,13175.24909090909,89.28
SUPERINTENDENCIA DO MINISTERIO DA SAUDE / CE,11,31484.35,16922.9225,86.05
DISTRITO SANIT.ESP.INDIGENA - PARINTINS,10,3538.81,1902.091,86.05
INSTITUTO NACIONAL DE CARDIOLOGIA,9,19373.67,10451.125,85.37
SUPERINTENDENCIA DO MINISTERIO DA SAUDE / PA,6,41869.21,23165.446666666667,80.74
DISTRITO SANIT.ESP.INDIGENA - BAHIA,10,24210.26,13424.285833333333,80.35
SUPERINTENDENCIA DO MINISTERIO DA SAUDE / RN,6,27947.3,15578.05,79.4
DISTRITO SANIT.ESP.INDIGENA - BAHIA,7,24004.79,13424.285833333333,78.82
CENTRO NACIONAL DE PRIMATAS,8,48472.29,27218.555833333332,78.09
DISTRITO SANIT.ESP.INDIGENA - CUIABA,11,18164.99,10209.380000000001,77.92
SUPERINTENDENCIA DO MINISTERIO DA SAUDE / PI,7,20676.85,11629.920833333332,77.79
SUPERINTENDENCIA DO MINISTERIO DA SAUDE / RR,6,36311.09,20719.276363636363,75.25
SUPERINTENDENCIA DO MINISTERIO DA SAUDE / PR,11,22612.08,12937.675454545453,74.78
SUPERINTENDENCIA ESTADUAL DO MS/AL,9,21450.7,12364.637272727274,73.48
SUPERINTENDENCIA DO MINISTERIO DA SAUDE / RN,7,27015.41,15578.05,73.42
SUPERINTENDENCIA DO MINISTERIO DA SAUDE / RS,9,26622.72,15575.119090909091,70.93
SUPERINTENDENCIA DO MINISTERIO DA SAUDE / TO,7,25859.22,15161.901666666667,70.55
SUPERINTENDENCIA DO MINISTERIO DA SAUDE / SE,6,25033.93,14868.749,68.37
SUPERINTENDENCIA DO MINISTERIO DA SAUDE / RS,6,26198.61,15575.119090909091,68.21
SUPERINTENDENCIA DO MINISTERIO DA SAUDE / SC,11,34914.57,20792.180833333332,67.92
INSTITUTO NACIONAL DE CARDIOLOGIA,3,17527.81,10451.125,67.71
DISTRITO SANIT.ESP.INDIGENA MATO GROSSO SUL,11,8956.9,5427.152222222223,65.04
COORDENACAO-GERAL DE GESTAO DE PESSOAS,7,5380.09,3263.0633333333335,64.88
SUPERINTENDENCIA DO MINISTERIO DA SAUDE / PI,6,19091.97,11629.920833333332,64.16
DISTRITO SANIT.ESP.INDIGENA - BAHIA,12,21908.420000000002,13424.285833333333,63.2
SUPERINTENDENCIA DO MINISTERIO DA SAUDE / PE,9,20015.68,12286.00727272727,62.91
SUPERINTENDENCIA DO MINISTERIO DA SAUDE / AC,8,25823.02,16347.692000000001,57.96
INSTITUTO EVANDRO CHAGAS,6,305421.02,194876.06000000003,56.73
SUBSECRETARIA DE ASSUNTOS ADMINISTRATIVOS/MS,5,5667411.84,3624335.845,56.37
SUPERINTENDENCIA ESTADUAL DO MS/AL,7,19315.05,12364.637272727274,56.21
INSTITUTO NACIONAL DE CARDIOLOGIA,6,16300.97,10451.125,55.97
SUPERINTENDENCIA DO MINISTERIO DA SAUDE / RO,7,28431.39,18231.51636363636,55.95
SUPERINTENDENCIA DO MINISTERIO DA SAUDE / SP,9,22237.739999999998,14289.099166666667,55.63
SUPERINTENDENCIA DO MINISTERIO DA SAUDE / PB,6,24883.9,16008.859166666667,55.44
CENTRO NACIONAL DE PRIMATAS,11,42224.98,27218.555833333332,55.13
DISTRITO SANIT.ESP.INDIGENA - CUIABA,4,15830.0,10209.380000000001,55.05
SUPERINTENDENCIA DO MINISTERIO DA SAUDE / PI,11,18032.39,11629.920833333332,55.05
DISTRITO SANIT.ESP.INDIGENA - INTERIOR SUL,6,11228.53,7245.5070000000005,54.97
SUPERINTENDENCIA DO MINISTERIO DA SAUDE / AP,7,34490.65,22298.673000000003,54.68
SUPERINTENDENCIA DO MINISTERIO DA SAUDE / GO,3,16318.24,10570.219166666668,54.38
SUPERINTENDENCIA DO MINISTERIO DA SAUDE / RN,10,24037.53,15578.05,54.3
SUPERINTENDENCIA ESTADUAL DO MS/AL,6,19078.95,12364.637272727274,54.3
SUPERINTENDENCIA DO MINISTERIO DA SAUDE / MT,10,27164.12,17685.285,53.6
DISTRITO SANIT.ESP.INDIGENA - TOCANTINS,3,29336.66,19244.613999999998,52.44
SUPERINTENDENCIA ESTADUAL DO MS/AL,11,18837.34,12364.637272727274,52.35
DISTRITO SANIT.ESP.INDIGENA - MG/ES,6,14209.67,9363.711666666666,51.75
SUPERINTENDENCIA ESTADUAL DO MS/AL,10,18737.65,12364.637272727274,51.54
SUPERINTENDENCIA DO MINISTERIO DA SAUDE / MS,6,16365.33,10808.853,51.41
SUPERINTENDENCIA DO MINISTERIO DA SAUDE / SC,5,31437.45,20792.180833333332,51.2
SUPERINTENDENCIA DO MINISTERIO DA SAUDE / RR,5,31225.88,20719.276363636363,50.71
SUPERINTENDENCIA DO MINISTERIO DA SAUDE / MT,5,26313.53,17685.285,48.79
INSTITUTO EVANDRO CHAGAS,9,289598.08,194876.06000000003,48.61
SUPERINTENDENCIA DO MINISTERIO DA SAUDE / PA,8,34332.44,23165.446666666667,48.21
HOSPITAL FEDERAL DE IPANEMA,5,27735.120000000003,18746.32416666667,47.95
SUPERINTENDENCIA DO MINISTERIO DA SAUDE / ES,9,19417.44,13175.24909090909,47.38
SECRETARIA DE ATENCAO A SAUDE,11,4686.17,3187.5,47.02
SUPERINTENDENCIA DO MINISTERIO DA SAUDE / AM,10,20276.33,13794.979090909093,46.98
SUPERINTENDENCIA DO MINISTERIO DA SAUDE / PB,9,23322.58,16008.859166666667,45.69
DIRETORIA EXECUTIVA DO FUNDO NAC. DE SAUDE,11,1359.98,933.6591666666667,45.66
SUPERINTENDENCIA DO MINISTERIO DA SAUDE / MG,8,24414.48,16781.726666666666,45.48
SUPERINTENDENCIA DO MINISTERIO DA SAUDE / PR,6,18800.05,12937.675454545453,45.31
SUPERINTENDENCIA DO MINISTERIO DA SAUDE / TO,10,21981.15,15161.901666666667,44.98
SUPERINTENDENCIA DO MINISTERIO DA SAUDE / SP,7,20659.57,14289.099166666667,44.58
SUPERINTENDENCIA DO MINISTERIO DA SAUDE / RN,11,22372.88,15578.05,43.62
DISTRITO SANIT.ESP.INDIGENA - BAHIA,9,19258.88,13424.285833333333,43.46
INSTITUTO NACIONAL DO CANCER - RJ,4,106517.46,74335.32333333333,43.29
DISTRITO SANIT.ESP.INDIGENA - INTERIOR SUL,8,10350.8,7245.5070000000005,42.86
SUPERINTENDENCIA DO MINISTERIO DA SAUDE / BA,3,40812.37,28583.93909090909,42.78
SUPERINTENDENCIA DO MINISTERIO DA SAUDE / RS,11,22218.95,15575.119090909091,42.66
SUPERINTENDENCIA DO MINISTERIO DA SAUDE / GO,9,14992.32,10570.219166666668,41.84
SUBSECRETARIA DE ASSUNTOS ADMINISTRATIVOS/MS,9,5137980.66,3624335.845,41.76
SUPERINTENDENCIA DO MINISTERIO DA SAUDE / RR,4,29367.0,20719.276363636363,41.74
SUPERINTENDENCIA DO MINISTERIO DA SAUDE / PB,11,22657.510000000002,16008.859166666667,41.53
SUPERINTENDENCIA DO MINISTERIO DA SAUDE / GO,5,14938.08,10570.219166666668,41.32
SUPERINTENDENCIA DO MINISTERIO DA SAUDE / AP,5,31511.21,22298.673000000003,41.31
SUPERINTENDENCIA DO MINISTERIO DA SAUDE / MG,10,23695.06,16781.726666666666,41.2
SECRETARIA DE ATENCAO A SAUDE,10,4460.83,3187.5,39.95
SUPERINTENDENCIA DO MINISTERIO DA SAUDE / MA,10,21810.96,15589.631,39.91
SUPERINTENDENCIA DO MINISTERIO DA SAUDE / MG,9,23424.14,16781.726666666666,39.58
SUPERINTENDENCIA DO MINISTERIO DA SAUDE / MT,3,24662.91,17685.285,39.45
SUPERINTENDENCIA DO MINISTERIO DA SAUDE / SE,4,20730.899999999998,14868.749,39.43
SUPERINTENDENCIA DO MINISTERIO DA SAUDE / RS,7,21702.35,15575.119090909091,39.34
CENTRO NACIONAL DE PRIMATAS,6,37899.86,27218.555833333332,39.24
SUPERINTENDENCIA DO MINISTERIO DA SAUDE / AC,10,22761.579999999998,16347.692000000001,39.23
SUPERINTENDENCIA DO MINISTERIO DA SAUDE / RR,11,28713.93,20719.276363636363,38.59
SUPERINTENDENCIA DO MINISTERIO DA SAUDE / AP,8,30779.36,22298.673000000003,38.03
SUPERINTENDENCIA DO MINISTERIO DA SAUDE / SP,10,19686.26,14289.099166666667,37.77
INSTITUTO NACIONAL DO CANCER - RJ,9,101683.28,74335.32333333333,36.79
SUPERINTENDENCIA DO MINISTERIO DA SAUDE / PE,11,16805.42,12286.00727272727,36.79
DISTRITO SANIT.ESP.INDIGENA - CUIABA,7,13867.67,10209.380000000001,35.83
CENTRO NACIONAL DE PRIMATAS,5,36918.79,27218.555833333332,35.64
SUPERINTENDENCIA DO MINISTERIO DA SAUDE / MT,9,23970.56,17685.285,35.54
INSTITUTO NACIONAL DO CANCER - RJ,11,100600.98,74335.32333333333,35.33
SUPERINTENDENCIA DO MINISTERIO DA SAUDE / MA,8,20992.11,15589.631,34.65
SUPERINTENDENCIA DO MINISTERIO DA SAUDE / PE,8,16491.58,12286.00727272727,34.23
SUPERINTENDENCIA DO MINISTERIO DA SAUDE / AP,6,29921.04,22298.673000000003,34.18
SUPERINTENDENCIA DO MINISTERIO DA SAUDE / RJ,6,53751.56,40068.806666666664,34.15
SUBSECRETARIA DE ASSUNTOS ADMINISTRATIVOS/MS,6,4827930.82,3624335.845,33.21
DISTRITO SANIT.ESP.INDIGENA MATO GROSSO SUL,8,7225.33,5427.152222222223,33.13
DISTRITO SANIT.ESP.INDIGENA - LITORAL SUL,6,4520.0,3397.4,33.04
SUPERINTENDENCIA DO MINISTERIO DA SAUDE / AC,6,21718.92,16347.692000000001,32.86
SUPERINTENDENCIA DO MINISTERIO DA SAUDE / RN,9,20658.47,15578.05,32.61
DISTRITO SANIT.ESP.INDIGENA MATO GROSSO SUL,4,7167.349999999999,5427.152222222223,32.06
SUPERINTENDENCIA DO MINISTERIO DA SAUDE / RO,4,24049.78,18231.51636363636,31.91
CENTRO NACIONAL DE PRIMATAS,10,35709.25,27218.555833333332,31.19
SUPERINTENDENCIA DO MINISTERIO DA SAUDE / BA,10,37487.88,28583.93909090909,31.15
SUPERINTENDENCIA DO MINISTERIO DA SAUDE / AM,5,18068.98,13794.979090909093,30.98
CENTRO NACIONAL DE PRIMATAS,3,35587.91,27218.555833333332,30.75
SUPERINTENDENCIA DO MINISTERIO DA SAUDE / CE,4,21939.62,16922.9225,29.64
INSTITUTO NACIONAL DE CARDIOLOGIA,10,13542.52,10451.125,29.58
SUPERINTENDENCIA DO MINISTERIO DA SAUDE / PE,6,15875.64,12286.00727272727,29.22
DISTRITO SANIT.ESP.INDIGENA - MARANHAO,8,13792.23,10723.177272727273,28.62
SUPERINTENDENCIA DO MINISTERIO DA SAUDE / AP,10,28623.25,22298.673000000003,28.36
SUPERINTENDENCIA DO MINISTERIO DA SAUDE / BA,5,36579.83,28583.93909090909,27.97
SUPERINTENDENCIA DO MINISTERIO DA SAUDE / GO,6,13410.08,10570.219166666668,26.87
INSTITUTO EVANDRO CHAGAS,10,247162.14,194876.06000000003,26.83
DISTRITO SANIT.ESP.INDIGENA - MANAUS,11,2950.99,2326.8137500000003,26.83
SUPERINTENDENCIA ESTADUAL DO MS/AL,5,15664.34,12364.637272727274,26.69
HOSPITAL FEDERAL DE IPANEMA,4,23688.57,18746.32416666667,26.36
SUPERINTENDENCIA DO MINISTERIO DA SAUDE / RR,9,26177.83,20719.276363636363,26.35
HOSPITAL FEDERAL CARDOSO FONTES,4,4000.6,3190.0649999999996,25.41
SECRETARIA DE ATENCAO A SAUDE,5,3993.19,3187.5,25.28
DIRETORIA EXECUTIVA DO FUNDO NAC. DE SAUDE,12,1168.5,933.6591666666667,25.15
SUPERINTENDENCIA DO MINISTERIO DA SAUDE / AC,9,20457.9,16347.692000000001,25.14
SUPERINTENDENCIA DO MINISTERIO DA SAUDE / PA,11,28898.71,23165.446666666667,24.75
SUPERINTENDENCIA DO MINISTERIO DA SAUDE / GO,8,13175.66,10570.219166666668,24.65
SUPERINTENDENCIA DO MINISTERIO DA SAUDE / BA,7,35506.87,28583.93909090909,24.22
DISTRITO SANIT.ESP.INDIGENA - PERNAMBUCO,4,34971.56,28158.744545454545,24.19
COORDENACAO-GERAL DE GESTAO DE PESSOAS,4,4048.01,3263.0633333333335,24.06
DISTRITO SANIT.ESP.INDIGENA - TOCANTINS,7,23852.28,19244.613999999998,23.94
SUPERINTENDENCIA DO MINISTERIO DA SAUDE / RR,10,25581.75,20719.276363636363,23.47
SUPERINTENDENCIA DO MINISTERIO DA SAUDE / CE,8,20844.77,16922.9225,23.17
SUBSECRETARIA DE ASSUNTOS ADMINISTRATIVOS/MS,4,4442706.08,3624335.845,22.58
DISTRITO SANIT.ESP.INDIGENA - TOCANTINS,10,23548.17,19244.613999999998,22.36
SUBSECRETARIA DE ASSUNTOS ADMINISTRATIVOS/MS,11,4433703.08,3624335.845,22.33
SUPERINTENDENCIA DO MINISTERIO DA SAUDE / MS,4,13181.49,10808.853,21.95
SUPERINTENDENCIA DO MINISTERIO DA SAUDE / AM,7,16736.05,13794.979090909093,21.32
SUPERINTENDENCIA DO MINISTERIO DA SAUDE / RJ,10,48541.15,40068.806666666664,21.14
DISTRITO SANIT.ESP.INDIGENA - TOCANTINS,6,23282.89,19244.613999999998,20.98
DISTRITO SANIT.ESP.INDIGENA - MARANHAO,4,12954.95,10723.177272727273,20.81
SUPERINTENDENCIA DO MINISTERIO DA SAUDE / CE,5,20374.03,16922.9225,20.39
INST. NACIONAL DE TRAUMATOLOGIA E ORTOPEDIA,8,91950.58,76654.79,19.95
DISTRITO SANIT.ESP.INDIGENA - INTERIOR SUL,7,8681.71,7245.5070000000005,19.82
DISTRITO SANIT.ESP.INDIGENA - KAIAPO REDENCAO,10,4500.0,3763.726666666667,19.56
DISTRITO SANIT.ESP.INDIGENA - PARINTINS,3,2269.0,1902.091,19.29
HOSPITAL FEDERAL DE IPANEMA,3,22179.9,18746.32416666667,18.32
SUBSECRETARIA DE ASSUNTOS ADMINISTRATIVOS/MS,7,4287408.48,3624335.845,18.3
DISTRITO SANIT.ESP.INDIGENA - POTIGUARA,11,2601.0,2199.679090909091,18.24
SUPERINTENDENCIA DO MINISTERIO DA SAUDE / MT,4,20887.94,17685.285,18.11
SUPERINTENDENCIA DO MINISTERIO DA SAUDE / SC,9,24529.56,20792.180833333332,17.97
SUPERINTENDENCIA DO MINISTERIO DA SAUDE / GO,11,12451.45,10570.219166666668,17.8
SECRETARIA DE SAUDE INDIGENA - SESAI,3,595.0,505.7666666666667,17.64
SUPERINTENDENCIA DO MINISTERIO DA SAUDE / PA,10,27226.63,23165.446666666667,17.53
SUPERINTENDENCIA DO MINISTERIO DA SAUDE / PR,7,15195.57,12937.675454545453,17.45
SUPERINTENDENCIA DO MINISTERIO DA SAUDE / PI,8,13634.48,11629.920833333332,17.24
DIRETORIA EXECUTIVA DO FUNDO NAC. DE SAUDE,1,1090.4099999999999,933.6591666666667,16.79
DISTRITO SANIT.ESP.INDIGENA - MARANHAO,2,12474.74,10723.177272727273,16.33
SUPERINTENDENCIA DO MINISTERIO DA SAUDE / RO,10,21190.98,18231.51636363636,16.23
SUPERINTENDENCIA DO MINISTERIO DA SAUDE / MG,4,19423.309999999998,16781.726666666666,15.74
SECRETARIA DE SAUDE INDIGENA - SESAI,12,580.44,505.7666666666667,14.76
DISTRITO SANIT.ESP.INDIGENA - BAHIA,6,15364.58,13424.285833333333,14.45
INSTITUTO EVANDRO CHAGAS,11,222525.49,194876.06000000003,14.19
SUPERINTENDENCIA DO MINISTERIO DA SAUDE / PI,10,13276.539999999999,11629.920833333332,14.16
SUPERINTENDENCIA DO MINISTERIO DA SAUDE / BA,4,32577.35,28583.93909090909,13.97
DISTRITO SANIT.ESP.INDIGENA - MARANHAO,9,12201.09,10723.177272727273,13.78
DISTRITO SANIT.ESP.INDIGENA - XINGU,4,6272.73,5535.099999999999,13.33
INSTITUTO EVANDRO CHAGAS,5,219531.18,194876.06000000003,12.65
DISTRITO SANIT.ESP.INDIGENA - CUIABA,9,11487.94,10209.380000000001,12.52
SUPERINTENDENCIA DO MINISTERIO DA SAUDE / CE,10,19024.15,16922.9225,12.42
DISTRITO SANIT.ESP.INDIGENA - PARINTINS,2,2138.2,1902.091,12.41
CENTRO NACIONAL DE PRIMATAS,9,30502.83,27218.555833333332,12.07
SUPERINTENDENCIA DO MINISTERIO DA SAUDE / SE,5,16658.149999999998,14868.749,12.03
SUPERINTENDENCIA DO MINISTERIO DA SAUDE / PE,7,13741.11,12286.00727272727,11.84
HOSPITAL FEDERAL DE IPANEMA,8,20922.98,18746.32416666667,11.61
SUPERINTENDENCIA DO MINISTERIO DA SAUDE / SC,10,23135.75,20792.180833333332,11.27
SUPERINTENDENCIA DO MINISTERIO DA SAUDE / PR,8,14388.16,12937.675454545453,11.21
SUPERINTENDENCIA DO MINISTERIO DA SAUDE / RR,8,22651.64,20719.276363636363,9.33
DISTRITO SANIT.ESP.INDIGENA - TOCANTINS,8,21033.71,19244.613999999998,9.3
DISTRITO SANIT.ESP.INDIGENA - LITORAL SUL,8,3713.0,3397.4,9.29
GABINETE DO MINISTRO - MS,6,2154.0299999999997,1979.9466666666667,8.79
DISTRITO SANIT.ESP.INDIGENA - INTERIOR SUL,10,7872.49,7245.5070000000005,8.65
GABINETE DO MINISTRO - MS,7,2140.52,1979.9466666666667,8.11
SUPERINTENDENCIA DO MINISTERIO DA SAUDE / MS,9,11672.880000000001,10808.853,7.99
COORDENACAO-GERAL DE GESTAO DE PESSOAS,6,3514.93,3263.0633333333335,7.72
SUPERINTENDENCIA DO MINISTERIO DA SAUDE / MS,7,11620.9,10808.853,7.51
DISTRITO SANIT.ESP.INDIGENA - LITORAL SUL,4,3650.0,3397.4,7.44
SUPERINTENDENCIA DO MINISTERIO DA SAUDE / RO,9,19569.260000000002,18231.51636363636,7.34
HOSPITAL FEDERAL DE IPANEMA,9,20102.62,18746.32416666667,7.23
SUPERINTENDENCIA DO MINISTERIO DA SAUDE / BA,9,30615.34,28583.93909090909,7.11
SUPERINTENDENCIA DO MINISTERIO DA SAUDE / RJ,8,42895.4,40068.806666666664,7.05
INSTITUTO NACIONAL DO CANCER - RJ,10,79075.54,74335.32333333333,6.38
HOSPITAL FEDERAL DE IPANEMA,11,19937.15,18746.32416666667,6.35
DISTRITO SANIT.ESP.INDIGENA - MG/ES,11,9916.64,9363.711666666666,5.91
HOSPITAL FEDERAL DE IPANEMA,10,19809.82,18746.32416666667,5.67
COORDENACAO-GERAL DE GESTAO DE PESSOAS,12,3439.6,3263.0633333333335,5.41
DISTRITO SANIT.ESP.INDIGENA - PARINTINS,6,2002.3,1902.091,5.27
HOSPITAL FEDERAL DE IPANEMA,6,19668.65,18746.32416666667,4.92
SUPERINTENDENCIA DO MINISTERIO DA SAUDE / GO,12,11079.39,10570.219166666668,4.82
DISTRITO SANIT.ESP.INDIGENA - BAHIA,4,14029.91,13424.285833333333,4.51
SUPERINTENDENCIA DO MINISTERIO DA SAUDE / AP,11,23261.079999999998,22298.673000000003,4.32
SUPERINTENDENCIA DO MINISTERIO DA SAUDE / CE,3,17642.13,16922.9225,4.25
SUPERINTENDENCIA DO MINISTERIO DA SAUDE / PE,10,12754.25,12286.00727272727,3.81
DISTRITO SANIT.ESP.INDIGENA - TOCANTINS,11,19957.37,19244.613999999998,3.7
SUPERINTENDENCIA DO MINISTERIO DA SAUDE / ES,5,13607.85,13175.24909090909,3.28
HOSPITAL FEDERAL DE IPANEMA,2,19356.68,18746.32416666667,3.26
SUPERINTENDENCIA DO MINISTERIO DA SAUDE / RO,11,18789.16,18231.51636363636,3.06
SUBSECRETARIA DE ASSUNTOS ADMINISTRATIVOS/MS,3,3735395.19,3624335.845,3.06
SECRETARIA DE ATENCAO A SAUDE,6,3284.1099999999997,3187.5,3.03
DISTRITO SANIT.ESP.INDIGENA AL/SE,5,1845.97,1797.5783333333331,2.69
SUPERINTENDENCIA DO MINISTERIO DA SAUDE / MG,11,17210.55,16781.726666666666,2.56
SUPERINTENDENCIA DO MINISTERIO DA SAUDE / SE,7,15243.3,14868.749,2.52
SUPERINTENDENCIA DO MINISTERIO DA SAUDE / RJ,3,41072.79,40068.806666666664,2.51
SUPERINTENDENCIA DO MINISTERIO DA SAUDE / PE,3,12582.09,12286.00727272727,2.41
DISTRITO SANIT.ESP.INDIGENA - XAVANTE,6,6098.08,5988.7175,1.83
SUPERINTENDENCIA DO MINISTERIO DA SAUDE / PA,9,23354.93,23165.446666666667,0.82
SUPERINTENDENCIA DO MINISTERIO DA SAUDE / MT,6,17716.64,17685.285,0.18
SUPERINTENDENCIA DO MINISTERIO DA SAUDE / PI,5,11649.56,11629.920833333332,0.17
DISTRITO SANIT.ESP.INDIGENA - ALTO PURUS,7,601.5,600.75,0.12
DISTRITO SANIT.ESP.INDIGENA - MEDIO SOLIMOES,11,4745.0,4745.0,0.0
DISTRITO SANIT.ESP.INDIGENA - MEDIO PURUS,7,2220.05,2220.05,0.0
SUPERINTENDENCIA DO MINISTERIO DA SAUDE / SC,4,20787.97,20792.180833333332,-0.02
SUPERINTENDENCIA DO MINISTERIO DA SAUDE / PB,8,15998.81,16008.859166666667,-0.06
DISTRITO SANIT.ESP.INDIGENA - ALTO PURUS,8,600.0,600.75,-0.12
DISTRITO SANIT.ESP.INDIGENA - POTIGUARA,9,2196.92,2199.679090909091,-0.13
DISTRITO SANIT.ESP.INDIGENA - POTIGUARA,4,2185.79,2199.679090909091,-0.63
SUPERINTENDENCIA DO MINISTERIO DA SAUDE / RO,6,18046.47,18231.51636363636,-1.01
SUPERINTENDENCIA DO MINISTERIO DA SAUDE / TO,5,14999.61,15161.901666666667,-1.07
SUPERINTENDENCIA DO MINISTERIO DA SAUDE / ES,4,13009.74,13175.24909090909,-1.26
INSTITUTO NACIONAL DO CANCER - RJ,3,73049.98,74335.32333333333,-1.73
SUPERINTENDENCIA DO MINISTERIO DA SAUDE / ES,7,12927.24,13175.24909090909,-1.88
SUBSECRETARIA DE ASSUNTOS ADMINISTRATIVOS/MS,10,3548746.65,3624335.845,-2.09
DISTRITO SANIT.ESP.INDIGENA - TOCANTINS,4,18812.48,19244.613999999998,-2.25
SUBSECRETARIA DE ASSUNTOS ADMINISTRATIVOS/MS,8,3540935.81,3624335.845,-2.3
SUPERINTENDENCIA DO MINISTERIO DA SAUDE / AP,9,21768.7,22298.673000000003,-2.38
GABINETE DO MINISTRO - MS,3,1928.34,1979.9466666666667,-2.61
INSTITUTO EVANDRO CHAGAS,3,188823.4,194876.06000000003,-3.11
INSTITUTO NACIONAL DO CANCER - RJ,6,71736.41,74335.32333333333,-3.5
INSTITUTO NACIONAL DO CANCER - RJ,7,71482.25,74335.32333333333,-3.84
SUPERINTENDENCIA DO MINISTERIO DA SAUDE / SE,11,14227.68,14868.749,-4.31
SUPERINTENDENCIA DO MINISTERIO DA SAUDE / ES,6,12602.06,13175.24909090909,-4.35
SUPERINTENDENCIA DO MINISTERIO DA SAUDE / ES,8,12500.02,13175.24909090909,-5.12
SUPERINTENDENCIA DO MINISTERIO DA SAUDE / AM,8,13055.75,13794.979090909093,-5.36
INSTITUTO NACIONAL DE CARDIOLOGIA,8,9887.1,10451.125,-5.4
DISTRITO SANIT.ESP.INDIGENA AL/SE,3,1700.0,1797.5783333333331,-5.43
SUPERINTENDENCIA DO MINISTERIO DA SAUDE / BA,6,26683.68,28583.93909090909,-6.65
SUPERINTENDENCIA DO MINISTERIO DA SAUDE / SC,7,19359.69,20792.180833333332,-6.89
SUPERINTENDENCIA DO MINISTERIO DA SAUDE / TO,9,14108.69,15161.901666666667,-6.95
DISTRITO SANIT.ESP.INDIGENA - CUIABA,6,9494.51,10209.380000000001,-7.0
SUPERINTENDENCIA DO MINISTERIO DA SAUDE / PR,10,11981.62,12937.675454545453,-7.39
SUPERINTENDENCIA DO MINISTERIO DA SAUDE / PA,7,21427.75,23165.446666666667,-7.5
DISTRITO SANIT.ESP.INDIGENA - MG/ES,10,8657.74,9363.711666666666,-7.54
GABINETE DO MINISTRO - MS,5,1824.15,1979.9466666666667,-7.87
DISTRITO SANIT.ESP.INDIGENA - PERNAMBUCO,11,25866.65,28158.744545454545,-8.14
SUPERINTENDENCIA DO MINISTERIO DA SAUDE / GO,2,9707.36,10570.219166666668,-8.16
DISTRITO SANIT.ESP.INDIGENA - TOCANTINS,5,17659.6,19244.613999999998,-8.24
DISTRITO SANIT.ESP.INDIGENA - POTIGUARA,8,2017.6,2199.679090909091,-8.28
SUPERINTENDENCIA DO MINISTERIO DA SAUDE / RJ,7,36673.8,40068.806666666664,-8.47
SUPERINTENDENCIA DO MINISTERIO DA SAUDE / PR,3,11829.77,12937.675454545453,-8.56
DIRETORIA EXECUTIVA DO FUNDO NAC. DE SAUDE,8,853.18,933.6591666666667,-8.62
GABINETE DO MINISTRO - MS,1,1806.18,1979.9466666666667,-8.78
DISTRITO SANIT.ESP.INDIGENA - KAIAPO REDENCAO,11,3420.0,3763.726666666667,-9.13
DISTRITO SANIT.ESP.INDIGENA - INTERIOR SUL,5,6541.8,7245.5070000000005,-9.71
DISTRITO SANIT.ESP.INDIGENA - MG/ES,3,8450.83,9363.711666666666,-9.75
DISTRITO SANIT.ESP.INDIGENA - PARINTINS,9,1716.1,1902.091,-9.78
DISTRITO SANIT.ESP.INDIGENA - MARANHAO,6,9642.74,10723.177272727273,-10.08
SUPERINTENDENCIA DO MINISTERIO DA SAUDE / PE,5,11034.67,12286.00727272727,-10.19
INSTITUTO NACIONAL DO CANCER - RJ,8,66727.7,74335.32333333333,-10.23
DISTRITO SANIT.ESP.INDIGENA - KAIAPO REDENCAO,7,3371.18,3763.726666666667,-10.43
HOSPITAL FEDERAL CARDOSO FONTES,3,2848.8900000000003,3190.0649999999996,-10.69
DISTRITO SANIT.ESP.INDIGENA MATO GROSSO SUL,2,4836.47,5427.152222222223,-10.88
DISTRITO SANIT.ESP.INDIGENA AL/SE,8,1600.0,1797.5783333333331,-10.99
HOSPITAL FEDERAL CARDOSO FONTES,9,2818.5699999999997,3190.0649999999996,-11.65
INSTITUTO EVANDRO CHAGAS,4,170754.7,194876.06000000003,-12.38
SUPERINTENDENCIA DO MINISTERIO DA SAUDE / PA,4,20228.31,23165.446666666667,-12.68
INSTITUTO EVANDRO CHAGAS,7,170034.46,194876.06000000003,-12.75
SUPERINTENDENCIA DO MINISTERIO DA SAUDE / MS,3,9422.58,10808.853,-12.83
DISTRITO SANIT.ESP.INDIGENA - POTIGUARA,10,1903.62,2199.679090909091,-13.46
HOSPITAL FEDERAL CARDOSO FONTES,10,2758.2,3190.0649999999996,-13.54
SUPERINTENDENCIA DO MINISTERIO DA SAUDE / GO,7,9096.21,10570.219166666668,-13.94
DISTRITO SANIT.ESP.INDIGENA - PORTO VELHO,7,2255.77,2649.387142857143,-14.86
SUPERINTENDENCIA DO MINISTERIO DA SAUDE / MA,6,13098.7,15589.631,-15.98
SUPERINTENDENCIA DO MINISTERIO DA SAUDE / ES,12,11025.94,13175.24909090909,-16.31
CENTRO NACIONAL DE PRIMATAS,4,22725.05,27218.555833333332,-16.51
DISTRITO SANIT.ESP.INDIGENA - PORTO VELHO,3,2200.0,2649.387142857143,-16.96
SUPERINTENDENCIA DO MINISTERIO DA SAUDE / AM,11,11395.11,13794.979090909093,-17.4
SUPERINTENDENCIA DO MINISTERIO DA SAUDE / BA,8,23553.91,28583.93909090909,-17.6
SUPERINTENDENCIA ESTADUAL DO MS/AL,8,10128.59,12364.637272727274,-18.08
SUPERINTENDENCIA DO MINISTERIO DA SAUDE / ES,10,10776.22,13175.24909090909,-18.21
INSTITUTO NACIONAL DE CARDIOLOGIA,4,8535.36,10451.125,-18.33
SUPERINTENDENCIA DO MINISTERIO DA SAUDE / SP,8,11654.4,14289.099166666667,-18.44
SUPERINTENDENCIA DO MINISTERIO DA SAUDE / TO,8,12318.93,15161.901666666667,-18.75
DISTRITO SANIT.ESP.INDIGENA - MARANHAO,10,8687.12,10723.177272727273,-18.99
SUPERINTENDENCIA DO MINISTERIO DA SAUDE / SC,3,16654.36,20792.180833333332,-19.9
SUPERINTENDENCIA DO MINISTERIO DA SAUDE / RS,5,12472.69,15575.119090909091,-19.92
SUPERINTENDENCIA DO MINISTERIO DA SAUDE / PB,4,12695.91,16008.859166666667,-20.69
SUPERINTENDENCIA DO MINISTERIO DA SAUDE / AM,9,10937.31,13794.979090909093,-20.72
HOSPITAL FEDERAL DE IPANEMA,7,14833.779999999999,18746.32416666667,-20.87
DISTRITO SANIT.ESP.INDIGENA - XINGU,3,4324.28,5535.099999999999,-21.88
SUPERINTENDENCIA DO MINISTERIO DA SAUDE / MG,5,12953.869999999999,16781.726666666666,-22.81
SUPERINTENDENCIA DO MINISTERIO DA SAUDE / PR,5,9892.14,12937.675454545453,-23.54
SUPERINTENDENCIA DO MINISTERIO DA SAUDE / MA,11,11812.23,15589.631,-24.23
DISTRITO SANIT.ESP.INDIGENA - CEARA,9,1279.62,1693.0625,-24.42
DISTRITO SANIT.ESP.INDIGENA - PORTO VELHO,9,2000.0,2649.387142857143,-24.51
HOSPITAL FEDERAL CARDOSO FONTES,8,2386.6,3190.0649999999996,-25.19
SUPERINTENDENCIA DO MINISTERIO DA SAUDE / AP,4,16581.18,22298.673000000003,-25.64
DISTRITO SANIT.ESP.INDIGENA - MARANHAO,11,7965.6900000000005,10723.177272727273,-25.72
SECRETARIA DE ATENCAO A SAUDE,9,2353.0,3187.5,-26.18
INSTITUTO NACIONAL DE CARDIOLOGIA,7,7713.51,10451.125,-26.19
SUPERINTENDENCIA DO MINISTERIO DA SAUDE / BA,11,20974.47,28583.93909090909,-26.62
SUPERINTENDENCIA DO MINISTERIO DA SAUDE / SP,4,10399.68,14289.099166666667,-27.22
SUPERINTENDENCIA DO MINISTERIO DA SAUDE / MS,11,7827.049999999999,10808.853,-27.59
DISTRITO SANIT.ESP.INDIGENA - MANAUS,3,1681.8,2326.8137500000003,-27.72
DISTRITO SANIT.ESP.INDIGENA - TOCANTINS,9,13899.1,19244.613999999998,-27.78
SUPERINTENDENCIA DO MINISTERIO DA SAUDE / PB,10,11511.29,16008.859166666667,-28.09
SUPERINTENDENCIA DO MINISTERIO DA SAUDE / RS,4,11170.51,15575.119090909091,-28.28
SECRETARIA DE ATENCAO A SAUDE,3,2286.1,3187.5,-28.28
SUPERINTENDENCIA DO MINISTERIO DA SAUDE / CE,7,12091.73,16922.9225,-28.55
SUPERINTENDENCIA DO MINISTERIO DA SAUDE / RJ,5,28607.78,40068.806666666664,-28.6
INST. NACIONAL DE TRAUMATOLOGIA E ORTOPEDIA,12,54668.159999999996,76654.79,-28.68
DISTRITO SANIT.ESP.INDIGENA - MANAUS,5,1650.75,2326.8137500000003,-29.06
DISTRITO SANIT.ESP.INDIGENA - MG/ES,7,6565.98,9363.711666666666,-29.88
SUPERINTENDENCIA DO MINISTERIO DA SAUDE / TO,11,10630.17,15161.901666666667,-29.89
DISTRITO SANIT.ESP.INDIGENA - INTERIOR SUL,9,5075.45,7245.5070000000005,-29.95
SECRETARIA DE ATENCAO A SAUDE,4,2220.9,3187.5,-30.32
DISTRITO SANIT.ESP.INDIGENA - CUIABA,3,7107.250000000001,10209.380000000001,-30.39
SECRETARIA DE ATENCAO A SAUDE,7,2215.7,3187.5,-30.49
SUPERINTENDENCIA DO MINISTERIO DA SAUDE / PR,4,8941.54,12937.675454545453,-30.89
DISTRITO SANIT.ESP.INDIGENA - MARANHAO,12,7403.9,10723.177272727273,-30.95
COORDENACAO-GERAL DE GESTAO DE PESSOAS,10,2252.33,3263.0633333333335,-30.97
SUPERINTENDENCIA DO MINISTERIO DA SAUDE / RN,4,10712.94,15578.05,-31.23
DISTRITO SANIT.ESP.INDIGENA MATO GROSSO SUL,7,3695.9700000000003,5427.152222222223,-31.9
SUPERINTENDENCIA DO MINISTERIO DA SAUDE / SP,5,9716.41,14289.099166666667,-32.0
DISTRITO SANIT.ESP.INDIGENA - LITORAL SUL,7,2300.0,3397.4,-32.3
SECRETARIA DE SAUDE INDIGENA - SESAI,5,341.86,505.7666666666667,-32.41
DISTRITO SANIT.ESP.INDIGENA - BAHIA,11,8983.91,13424.285833333333,-33.08
SUPERINTENDENCIA DO MINISTERIO DA SAUDE / MS,10,7200.62,10808.853,-33.38
DIRETORIA EXECUTIVA DO FUNDO NAC. DE SAUDE,9,619.29,933.6591666666667,-33.67
SUPERINTENDENCIA DO MINISTERIO DA SAUDE / PA,3,15273.54,23165.446666666667,-34.07
SUPERINTENDENCIA DO MINISTERIO DA SAUDE / ES,3,8593.61,13175.24909090909,-34.77
SUPERINTENDENCIA DO MINISTERIO DA SAUDE / RR,7,13461.0,20719.276363636363,-35.03
DISTRITO SANIT.ESP.INDIGENA - MG/ES,1,6041.3,9363.711666666666,-35.48
SUPERINTENDENCIA DO MINISTERIO DA SAUDE / SE,8,9490.92,14868.749,-36.17
SUPERINTENDENCIA ESTADUAL DO MS/AL,4,7850.43,12364.637272727274,-36.51
SUPERINTENDENCIA DO MINISTERIO DA SAUDE / RO,12,11554.86,18231.51636363636,-36.62
DISTRITO SANIT.ESP.INDIGENA - XAVANTE,11,3775.2,5988.7175,-36.96
DISTRITO SANIT.ESP.INDIGENA - PERNAMBUCO,8,17704.45,28158.744545454545,-37.13
DISTRITO SANIT.ESP.INDIGENA - LITORAL SUL,12,2130.0,3397.4,-37.3
SUPERINTENDENCIA DO MINISTERIO DA SAUDE / SC,12,13029.64,20792.180833333332,-37.33
SUPERINTENDENCIA DO MINISTERIO DA SAUDE / RO,8,11361.49,18231.51636363636,-37.68
DISTRITO SANIT.ESP.INDIGENA - PARINTINS,8,1181.55,1902.091,-37.88
SUPERINTENDENCIA DO MINISTERIO DA SAUDE / AC,11,10061.31,16347.692000000001,-38.45
GABINETE DO MINISTRO - MS,2,1216.32,1979.9466666666667,-38.57
DISTRITO SANIT.ESP.INDIGENA - MG/ES,2,5632.26,9363.711666666666,-39.85
INSTITUTO NACIONAL DO CANCER - RJ,12,44060.659999999996,74335.32333333333,-40.73
SUPERINTENDENCIA DO MINISTERIO DA SAUDE / TO,4,8980.51,15161.901666666667,-40.77
DISTRITO SANIT.ESP.INDIGENA - POTIGUARA,3,1300.0,2199.679090909091,-40.9
GABINETE DO MINISTRO - MS,9,1167.54,1979.9466666666667,-41.03
SUPERINTENDENCIA DO MINISTERIO DA SAUDE / RS,3,9101.42,15575.119090909091,-41.56
SUPERINTENDENCIA DO MINISTERIO DA SAUDE / AC,4,9505.55,16347.692000000001,-41.85
SUPERINTENDENCIA DO MINISTERIO DA SAUDE / MT,8,10060.13,17685.285,-43.12
HOSPITAL FEDERAL DE IPANEMA,12,10581.43,18746.32416666667,-43.55
CENTRO NACIONAL DE PRIMATAS,7,15331.17,27218.555833333332,-43.67
DISTRITO SANIT.ESP.INDIGENA - CUIABA,2,5742.4,10209.380000000001,-43.75
DISTRITO SANIT.ESP.INDIGENA - POTIGUARA,5,1231.6200000000001,2199.679090909091,-44.01
SUPERINTENDENCIA DO MINISTERIO DA SAUDE / MT,7,9897.94,17685.285,-44.03
SUPERINTENDENCIA DO MINISTERIO DA SAUDE / GO,4,5876.22,10570.219166666668,-44.41
SUPERINTENDENCIA DO MINISTERIO DA SAUDE / RN,5,8639.54,15578.05,-44.54
INSTITUTO NACIONAL DE CARDIOLOGIA,11,5779.92,10451.125,-44.7
DIRETORIA EXECUTIVA DO FUNDO NAC. DE SAUDE,5,513.63,933.6591666666667,-44.99
INST. NACIONAL DE TRAUMATOLOGIA E ORTOPEDIA,4,42150.81,76654.79,-45.01
SUPERINTENDENCIA DO MINISTERIO DA SAUDE / MT,2,9691.67,17685.285,-45.2
SUPERINTENDENCIA DO MINISTERIO DA SAUDE / MS,8,5817.23,10808.853,-46.18
INST. NACIONAL DE TRAUMATOLOGIA E ORTOPEDIA,11,41105.340000000004,76654.79,-46.38
SUPERINTENDENCIA DO MINISTERIO DA SAUDE / BA,12,15321.92,28583.93909090909,-46.4
INST. NACIONAL DE TRAUMATOLOGIA E ORTOPEDIA,9,40700.93,76654.79,-46.9
SUPERINTENDENCIA DO MINISTERIO DA SAUDE / CE,6,8973.09,16922.9225,-46.98
HOSPITAL FEDERAL DA LAGOA,3,6070.92,11695.837272727273,-48.09
SUPERINTENDENCIA DO MINISTERIO DA SAUDE / SE,10,7698.64,14868.749,-48.22
SUPERINTENDENCIA DO MINISTERIO DA SAUDE / RJ,4,20617.81,40068.806666666664,-48.54
DISTRITO SANIT.ESP.INDIGENA - CUIABA,8,5210.360000000001,10209.380000000001,-48.96
SUPERINTENDENCIA DO MINISTERIO DA SAUDE / PE,12,6269.88,12286.00727272727,-48.97
DISTRITO SANIT.ESP.INDIGENA AL/SE,7,914.5,1797.5783333333331,-49.13
GABINETE DO MINISTRO - MS,11,998.83,1979.9466666666667,-49.55
INST. NACIONAL DE TRAUMATOLOGIA E ORTOPEDIA,2,38502.07,76654.79,-49.77
SUPERINTENDENCIA DO MINISTERIO DA SAUDE / BA,2,14309.710000000001,28583.93909090909,-49.94
DISTRITO SANIT.ESP.INDIGENA - PERNAMBUCO,2,13985.78,28158.744545454545,-50.33
DISTRITO SANIT.ESP.INDIGENA - INTERIOR SUL,11,3590.0,7245.5070000000005,-50.45
CENTRO NACIONAL DE PRIMATAS,2,13341.06,27218.555833333332,-50.99
DISTRITO SANIT.ESP.INDIGENA - INTERIOR SUL,3,3469.58,7245.5070000000005,-52.11
INST. NACIONAL DE TRAUMATOLOGIA E ORTOPEDIA,5,36225.26,76654.79,-52.74
INST. NACIONAL DE TRAUMATOLOGIA E ORTOPEDIA,10,35816.88,76654.79,-53.28
DISTRITO SANIT.ESP.INDIGENA - MG/ES,5,4350.13,9363.711666666666,-53.54
DISTRITO SANIT.ESP.INDIGENA - PERNAMBUCO,10,13047.99,28158.744545454545,-53.66
SUPERINTENDENCIA DO MINISTERIO DA SAUDE / PI,4,5380.83,11629.920833333332,-53.73
SUPERINTENDENCIA DO MINISTERIO DA SAUDE / MG,3,7759.08,16781.726666666666,-53.76
SUPERINTENDENCIA DO MINISTERIO DA SAUDE / AC,5,7512.2300000000005,16347.692000000001,-54.05
DISTRITO SANIT.ESP.INDIGENA - MARANHAO,5,4911.77,10723.177272727273,-54.19
SUPERINTENDENCIA DO MINISTERIO DA SAUDE / MA,3,7100.23,15589.631,-54.46
SUPERINTENDENCIA DO MINISTERIO DA SAUDE / RR,12,9348.93,20719.276363636363,-54.88
DIRETORIA EXECUTIVA DO FUNDO NAC. DE SAUDE,4,421.2,933.6591666666667,-54.89
DISTRITO SANIT.ESP.INDIGENA - MG/ES,8,4215.0,9363.711666666666,-54.99
SUPERINTENDENCIA DO MINISTERIO DA SAUDE / MA,4,6944.99,15589.631,-55.45
INSTITUTO EVANDRO CHAGAS,2,86515.56,194876.06000000003,-55.6
SUPERINTENDENCIA DO MINISTERIO DA SAUDE / PE,4,5442.96,12286.00727272727,-55.7
SUPERINTENDENCIA DO MINISTERIO DA SAUDE / SP,2,6205.26,14289.099166666667,-56.57
DISTRITO SANIT.ESP.INDIGENA - XINGU,11,2372.59,5535.099999999999,-57.14
DISTRITO SANIT.ESP.INDIGENA - MARANHAO,7,4569.5599999999995,10723.177272727273,-57.39
SUPERINTENDENCIA DO MINISTERIO DA SAUDE / GO,10,4472.62,10570.219166666668,-57.69
SUPERINTENDENCIA DO MINISTERIO DA SAUDE / RN,8,6565.61,15578.05,-57.85
SUPERINTENDENCIA DO MINISTERIO DA SAUDE / ES,2,5529.21,13175.24909090909,-58.03
SUPERINTENDENCIA DO MINISTERIO DA SAUDE / RO,3,7532.570000000001,18231.51636363636,-58.68
INST. NACIONAL DE TRAUMATOLOGIA E ORTOPEDIA,3,31596.46,76654.79,-58.78
DIRETORIA EXECUTIVA DO FUNDO NAC. DE SAUDE,3,382.6,933.6591666666667,-59.02
SUPERINTENDENCIA DO MINISTERIO DA SAUDE / PI,2,4752.75,11629.920833333332,-59.13
SUBSECRETARIA DE ASSUNTOS ADMINISTRATIVOS/MS,12,1444964.92,3624335.845,-60.13
DISTRITO SANIT.ESP.INDIGENA - CEARA,4,657.6,1693.0625,-61.16
HOSPITAL FEDERAL DA LAGOA,11,4484.23,11695.837272727273,-61.66
SUBSECRETARIA DE ASSUNTOS ADMINISTRATIVOS/MS,2,1385654.88,3624335.845,-61.77
DISTRITO SANIT.ESP.INDIGENA - POTIGUARA,6,832.7,2199.679090909091,-62.14
HOSPITAL FEDERAL DA LAGOA,8,4426.62,11695.837272727273,-62.15
DISTRITO SANIT.ESP.INDIGENA - PARINTINS,5,716.49,1902.091,-62.33
DISTRITO SANIT.ESP.INDIGENA MATO GROSSO SUL,6,1995.5,5427.152222222223,-63.23
DISTRITO SANIT.ESP.INDIGENA - LITORAL SUL,10,1246.0,3397.4,-63.32
SUPERINTENDENCIA DO MINISTERIO DA SAUDE / RN,3,5710.5599999999995,15578.05,-63.34
SUPERINTENDENCIA DO MINISTERIO DA SAUDE / MA,5,5554.13,15589.631,-64.37
DISTRITO SANIT.ESP.INDIGENA MATO GROSSO SUL,9,1915.5900000000001,5427.152222222223,-64.7
SUPERINTENDENCIA DO MINISTERIO DA SAUDE / SE,3,5211.27,14868.749,-64.95
HOSPITAL FEDERAL DA LAGOA,12,4096.8,11695.837272727273,-64.97
SUPERINTENDENCIA DO MINISTERIO DA SAUDE / PB,2,5555.2,16008.859166666667,-65.3
SUPERINTENDENCIA DO MINISTERIO DA SAUDE / TO,2,5185.57,15161.901666666667,-65.8
SUPERINTENDENCIA DO MINISTERIO DA SAUDE / SC,8,7103.82,20792.180833333332,-65.83
SUPERINTENDENCIA DO MINISTERIO DA SAUDE / PE,2,4132.8,12286.00727272727,-66.36
HOSPITAL FEDERAL CARDOSO FONTES,11,1071.17,3190.0649999999996,-66.42
SUPERINTENDENCIA DO MINISTERIO DA SAUDE / RJ,2,13332.529999999999,40068.806666666664,-66.73
SUPERINTENDENCIA DO MINISTERIO DA SAUDE / SC,2,6851.77,20792.180833333332,-67.05
SUPERINTENDENCIA DO MINISTERIO DA SAUDE / SP,3,4693.9,14289.099166666667,-67.15
HOSPITAL FEDERAL DE IPANEMA,1,6139.19,18746.32416666667,-67.25
DISTRITO SANIT.ESP.INDIGENA - PORTO VELHO,4,862.49,2649.387142857143,-67.45
INSTITUTO NACIONAL DO CANCER - RJ,2,23915.5,74335.32333333333,-67.83
DISTRITO SANIT.ESP.INDIGENA - XINGU,12,1775.0,5535.099999999999,-67.93
DISTRITO SANIT.ESP.INDIGENA - PERNAMBUCO,7,8868.94,28158.744545454545,-68.5
DISTRITO SANIT.ESP.INDIGENA - PARINTINS,11,596.15,1902.091,-68.66
HOSPITAL FEDERAL DA LAGOA,7,3664.67,11695.837272727273,-68.67
GABINETE DO MINISTRO - MS,10,613.46,1979.9466666666667,-69.02
DIRETORIA EXECUTIVA DO FUNDO NAC. DE SAUDE,10,283.38,933.6591666666667,-69.65
SUPERINTENDENCIA DO MINISTERIO DA SAUDE / PB,3,4815.49,16008.859166666667,-69.92
COORDENACAO-GERAL DE GESTAO DE PESSOAS,5,943.42,3263.0633333333335,-71.09
DISTRITO SANIT.ESP.INDIGENA - XINGU,5,1590.0,5535.099999999999,-71.27
SUBSECRETARIA DE ASSUNTOS ADMINISTRATIVOS/MS,1,1039191.73,3624335.845,-71.33
DISTRITO SANIT.ESP.INDIGENA - CEARA,7,475.0,1693.0625,-71.94
DISTRITO SANIT.ESP.INDIGENA - CUIABA,10,2773.68,10209.380000000001,-72.83
DISTRITO SANIT.ESP.INDIGENA - XAVANTE,5,1600.0,5988.7175,-73.28
DIRETORIA EXECUTIVA DO FUNDO NAC. DE SAUDE,2,247.29000000000002,933.6591666666667,-73.51
SUPERINTENDENCIA DO MINISTERIO DA SAUDE / PA,2,6107.9800000000005,23165.446666666667,-73.63
DISTRITO SANIT.ESP.INDIGENA - BAHIA,3,3491.99,13424.285833333333,-73.99
SUPERINTENDENCIA DO MINISTERIO DA SAUDE / PB,12,3994.09,16008.859166666667,-75.05
SUPERINTENDENCIA DO MINISTERIO DA SAUDE / PR,2,3169.81,12937.675454545453,-75.5
DISTRITO SANIT.ESP.INDIGENA - INTERIOR SUL,2,1746.25,7245.5070000000005,-75.9
SUPERINTENDENCIA DO MINISTERIO DA SAUDE / MT,12,4212.67,17685.285,-76.18
SUPERINTENDENCIA DO MINISTERIO DA SAUDE / RS,12,3692.39,15575.119090909091,-76.29
DISTRITO SANIT.ESP.INDIGENA - PORTO VELHO,12,624.0,2649.387142857143,-76.45
DISTRITO SANIT.ESP.INDIGENA - LITORAL SUL,9,800.0,3397.4,-76.45
GABINETE DO MINISTRO - MS,12,465.0,1979.9466666666667,-76.51
SUPERINTENDENCIA ESTADUAL DO MS/AL,2,2865.35,12364.637272727274,-76.83
SUPERINTENDENCIA DO MINISTERIO DA SAUDE / PA,12,5308.44,23165.446666666667,-77.08
SUPERINTENDENCIA DO MINISTERIO DA SAUDE / CE,2,3823.5699999999997,16922.9225,-77.41
SUPERINTENDENCIA DO MINISTERIO DA SAUDE / AM,3,3105.87,13794.979090909093,-77.49
DISTRITO SANIT.ESP.INDIGENA - MG/ES,9,2019.38,9363.711666666666,-78.43
SUPERINTENDENCIA DO MINISTERIO DA SAUDE / AC,3,3461.74,16347.692000000001,-78.82
SUPERINTENDENCIA DO MINISTERIO DA SAUDE / RS,8,3215.44,15575.119090909091,-79.36
INST. NACIONAL DE TRAUMATOLOGIA E ORTOPEDIA,1,15748.49,76654.79,-79.46
SUPERINTENDENCIA DO MINISTERIO DA SAUDE / RR,2,4163.389999999999,20719.276363636363,-79.91
CENTRO NACIONAL DE PRIMATAS,12,5400.570000000001,27218.555833333332,-80.16
HOSPITAL FEDERAL DA LAGOA,6,2305.45,11695.837272727273,-80.29
SUPERINTENDENCIA DO MINISTERIO DA SAUDE / AC,2,3196.16,16347.692000000001,-80.45
DISTRITO SANIT.ESP.INDIGENA - LITORAL SUL,3,662.0,3397.4,-80.51
DISTRITO SANIT.ESP.INDIGENA - PERNAMBUCO,6,5445.45,28158.744545454545,-80.66
SUPERINTENDENCIA DO MINISTERIO DA SAUDE / PA,1,4461.09,23165.446666666667,-80.74
HOSPITAL FEDERAL CARDOSO FONTES,6,604.45,3190.0649999999996,-81.05
DISTRITO SANIT.ESP.INDIGENA - MANAUS,6,412.0,2326.8137500000003,-82.29
DISTRITO SANIT.ESP.INDIGENA AL/SE,9,315.0,1797.5783333333331,-82.48
SUPERINTENDENCIA DO MINISTERIO DA SAUDE / MA,2,2662.38,15589.631,-82.92
SUPERINTENDENCIA DO MINISTERIO DA SAUDE / MS,2,1817.7399999999998,10808.853,-83.18
SUPERINTENDENCIA DO MINISTERIO DA SAUDE / SC,1,3495.56,20792.180833333332,-83.19
INSTITUTO NACIONAL DE CARDIOLOGIA,12,1741.33,10451.125,-83.34
DISTRITO SANIT.ESP.INDIGENA - MANAUS,8,386.5,2326.8137500000003,-83.39
DISTRITO SANIT.ESP.INDIGENA - PARINTINS,4,311.0,1902.091,-83.65
SUPERINTENDENCIA DO MINISTERIO DA SAUDE / RJ,12,6244.17,40068.806666666664,-84.42
SUPERINTENDENCIA DO MINISTERIO DA SAUDE / PI,12,1725.32,11629.920833333332,-85.16
SUPERINTENDENCIA DO MINISTERIO DA SAUDE / PI,3,1719.3799999999999,11629.920833333332,-85.22
SUPERINTENDENCIA DO MINISTERIO DA SAUDE / AP,2,3284.38,22298.673000000003,-85.27
INSTITUTO NACIONAL DE CARDIOLOGIA,2,1528.93,10451.125,-85.37
SUPERINTENDENCIA DO MINISTERIO DA SAUDE / RO,2,2617.02,18231.51636363636,-85.65
HOSPITAL FEDERAL DA LAGOA,10,1651.0,11695.837272727273,-85.88
INSTITUTO EVANDRO CHAGAS,1,26537.5,194876.06000000003,-86.38
SUPERINTENDENCIA DO MINISTERIO DA SAUDE / RN,2,2120.2599999999998,15578.05,-86.39
SUPERINTENDENCIA DO MINISTERIO DA SAUDE / SE,2,2002.44,14868.749,-86.53
SUPERINTENDENCIA DO MINISTERIO DA SAUDE / AM,2,1817.46,13794.979090909093,-86.83
DISTRITO SANIT.ESP.INDIGENA - PERNAMBUCO,9,3536.12,28158.744545454545,-87.44
SUPERINTENDENCIA DO MINISTERIO DA SAUDE / GO,1,1325.0,10570.219166666668,-87.46
SUPERINTENDENCIA DO MINISTERIO DA SAUDE / TO,12,1893.85,15161.901666666667,-87.51
SUPERINTENDENCIA DO MINISTERIO DA SAUDE / RS,2,1945.49,15575.119090909091,-87.51
SUPERINTENDENCIA DO MINISTERIO DA SAUDE / AM,12,1723.0,13794.979090909093,-87.51
SUPERINTENDENCIA DO MINISTERIO DA SAUDE / AP,3,2765.88,22298.673000000003,-87.6
SUPERINTENDENCIA DO MINISTERIO DA SAUDE / SP,12,1771.67,14289.099166666667,-87.6
SUPERINTENDENCIA DO MINISTERIO DA SAUDE / SP,1,1765.14,14289.099166666667,-87.65
HOSPITAL FEDERAL DA LAGOA,9,1441.05,11695.837272727273,-87.68
HOSPITAL FEDERAL DA LAGOA,2,1301.28,11695.837272727273,-88.87
SUPERINTENDENCIA ESTADUAL DO MS/AL,3,1303.9299999999998,12364.637272727274,-89.45
DISTRITO SANIT.ESP.INDIGENA - BAHIA,2,1395.28,13424.285833333333,-89.61
DISTRITO SANIT.ESP.INDIGENA - LITORAL SUL,11,328.0,3397.4,-90.35
CENTRO NACIONAL DE PRIMATAS,1,2508.91,27218.555833333332,-90.78
DISTRITO SANIT.ESP.INDIGENA MATO GROSSO SUL,10,450.0,5427.152222222223,-91.71
INSTITUTO EVANDRO CHAGAS,12,15537.48,194876.06000000003,-92.03
INSTITUTO NACIONAL DO CANCER - RJ,1,5439.45,74335.32333333333,-92.68
SUPERINTENDENCIA DO MINISTERIO DA SAUDE / CE,12,1188.58,16922.9225,-92.98
SUPERINTENDENCIA DO MINISTERIO DA SAUDE / MG,12,1087.44,16781.726666666666,-93.52
SUPERINTENDENCIA ESTADUAL DO MS/AL,1,778.68,12364.637272727274,-93.7
SUPERINTENDENCIA DO MINISTERIO DA SAUDE / TO,1,909.5,15161.901666666667,-94.0
DISTRITO SANIT.ESP.INDIGENA - POTIGUARA,7,127.9,2199.679090909091,-94.19
DISTRITO SANIT.ESP.INDIGENA - CUIABA,5,590.0,10209.380000000001,-94.22
DISTRITO SANIT.ESP.INDIGENA - TOCANTINS,2,1063.88,19244.613999999998,-94.47
HOSPITAL FEDERAL CARDOSO FONTES,12,159.6,3190.0649999999996,-95.0
DISTRITO SANIT.ESP.INDIGENA - MANAUS,2,115.3,2326.8137500000003,-95.04
SUPERINTENDENCIA DO MINISTERIO DA SAUDE / RR,3,909.6,20719.276363636363,-95.61
SUPERINTENDENCIA DO MINISTERIO DA SAUDE / PB,1,695.81,16008.859166666667,-95.65
DISTRITO SANIT.ESP.INDIGENA - PERNAMBUCO,5,1092.97,28158.744545454545,-96.12
SUPERINTENDENCIA DO MINISTERIO DA SAUDE / MG,1,504.57,16781.726666666666,-96.99
SUPERINTENDENCIA DO MINISTERIO DA SAUDE / MG,2,485.86,16781.726666666666,-97.1
SUPERINTENDENCIA DO MINISTERIO DA SAUDE / MT,1,468.8,17685.285,-97.35
DISTRITO SANIT.ESP.INDIGENA - BAHIA,1,324.0,13424.285833333333,-97.59
SUPERINTENDENCIA DO MINISTERIO DA SAUDE / RJ,1,943.7,40068.806666666664,-97.64
SUPERINTENDENCIA DO MINISTERIO DA SAUDE / PI,1,214.0,11629.920833333332,-98.16
DISTRITO SANIT.ESP.INDIGENA - BAHIA,5,240.0,13424.285833333333,-98.21
SUPERINTENDENCIA DO MINISTERIO DA SAUDE / PR,12,161.6,12937.675454545453,-98.75
SUPERINTENDENCIA DO MINISTERIO DA SAUDE / CE,1,142.5,16922.9225,-99.16
INSTITUTO NACIONAL DE CARDIOLOGIA,1,19.81,10451.125,-99.81
